Id,No_víctimas,Fecha,Hora,Tipo_de_calle,Calle,Comuna,X,Y,Víctimas,Acusado,Cruce_o_altura
2016-0001,1,2016-01-01,4,Avenida,Piedra Buena Av.,8,-58.47533969,-34.68757022,Moto,Auto,Cruce
2016-0002,1,2016-01-02,1,Gral Paz,"Paz, Gral. Av.",9,-58.50877521,-34.66977709,Auto,Pasajeros,Cruce
2016-0003,1,2016-01-03,7,Avenida,entre Rios Av.,1,-58.39040293,-34.63189362,Moto,Auto,Altura
2016-0004,1,2016-01-10,0,Avenida,Larrazabal Av.,8,-58.46503904,-34.68092974,Moto,Sd,Cruce
2016-0005,1,2016-01-21,5,Avenida,San Juan Av.,1,-58.38718297,-34.62246630,Moto,Pasajeros,Cruce
2016-0008,1,2016-01-24,18,Avenida,27 de Febrero Av.,8,-58.44451316,-34.68475866,Moto,Objeto Fijo,Cruce
2016-0009,1,2016-01-24,19,Calle,Nogoya,11,-58.50095869,-34.60825440,Moto,Auto,Cruce
2016-0010,1,2016-01-29,15,Gral Paz,"Paz, Gral. Av.",9,-58.50877521,-34.66977709,Moto,Auto,Cruce
2016-0012,1,2016-02-08,1,Avenida,Belgrano Av.,1,-58.38048577,-34.61303893,Moto,Cargas,Cruce
2016-0013,1,2016-02-10,11,Avenida,entre Rios Av.,1,-58.39114932,-34.62477387,Peaton,Auto,Altura
2016-0015,1,2016-02-14,5,Avenida,"Scalabrini Ortiz, Raul Av.",15,-58.43760020,-34.59912758,Peaton,Auto,Cruce
2016-0016,1,2016-02-14,22,Avenida,Regimiento de Patricios Av.,4,-58.36882665,-34.64291993,Moto,Auto,Cruce
2016-0017,1,2016-02-15,16,Avenida,"Acosta, Mariano",8,-58.44989671,-34.65970435,Peaton,Moto,Cruce
2016-0019,1,2016-02-17,9,Calle,"de la Torre, Lisandro",9,-58.50990884,-34.65468721,Peaton,Pasajeros,Cruce
2016-0020,1,2016-02-17,16,Calle,Suipacha,1,-58.37952223,-34.60653282,Peaton,Auto,Altura
2016-0021,1,2016-02-17,23,Avenida,Directorio Av.,7,-58.45157703,-34.63063795,Auto,Auto,Cruce
2016-0022,1,2016-02-21,6,Avenida,9 de Julio Av.,1,-58.38144696,-34.61079875,Moto,Auto,Cruce
2016-0025,1,2016-02-28,4,Gral Paz,"Paz, Gral. Av.",8,-58.46244952,-34.70524971,Auto,Auto,Cruce
2016-0026,1,2016-02-28,7,Calle,Holmberg,12,-58.49216191,-34.54738649,Auto,Objeto Fijo,Cruce
2016-0027,1,2016-02-28,9,Avenida,Curapaligue Av.,7,-58.44497874,-34.63852623,Auto,Auto,Cruce
2016-0028,1,2016-03-02,10,Avenida,Viamonte,1,-58.38199706,-34.60028648,Peaton,Cargas,Cruce
2016-0029,1,2016-03-04,17,Avenida,Cabildo Av.,12,-58.47378664,-34.54153077,Peaton,Pasajeros,Cruce
2016-0031,1,2016-03-08,12,Gral Paz,"Paz, Gral. Av.",8,-58.47064556,-34.69843756,Moto,Pasajeros,Cruce
2016-0034,1,2016-03-12,12,Avenida,"Alcorta, Amancio Av.",4,-58.40623949,-34.65076549,Peaton,Pasajeros,Cruce
2016-0035,1,2016-03-13,6,Avenida,Corrientes Av.,3,-58.39228965,-34.60443527,Moto,Pasajeros,Cruce
2016-0036,1,2016-03-14,0,Calle,Herrera,4,-58.37813396,-34.63668504,Moto,Pasajeros,Cruce
2016-0037,1,2016-03-19,11,Avenida,Lafuente Av.,7,-58.46275892,-34.64358293,Moto,Moto,Cruce
2016-0038,1,2016-03-21,8,Gral Paz,"Paz, Gral. Av.",8,-58.49683458,-34.67892743,Peaton,Pasajeros,Cruce
2016-0039,1,2016-03-23,1,Avenida,"Mitre, Bartolome",3,-58.40603217,-34.60883960,Moto,Pasajeros,Cruce
2016-0041,2,2016-03-29,11,Avenida,Directorio Av.,7,-58.46076550,-34.63350444,Moto,Cargas,Cruce
2016-0043,1,2016-03-30,18,Avenida,"Dellepiane, Luis, Tte. Gral.",8,-58.47832463,-34.67494416,Peaton,Cargas,Cruce
2016-0044,1,2016-03-31,19,Avenida,"Moreno, Jose Maria Av.",7,-58.43213235,-34.63693953,Moto,Multiple,Cruce
2016-0045,1,2016-04-11,10,Gral Paz,"Paz, Gral. Av.",13,-58.46743471,-34.53476874,Moto,Sd,Cruce
2016-0047,1,2016-04-15,5,Calle,Lima,1,-58.38247061,-34.62571878,Peaton,Pasajeros,Altura
2016-0048,1,2016-04-15,17,Avenida,Corrientes Av.,15,-58.44759966,-34.59170240,Peaton,Pasajeros,Cruce
2016-0049,1,2016-04-17,0,Autopista,Autopista 1 Sur Presidente Arturo Frondizi,4,-58.37714647568196,-34.63657525428238,Sd,Sd,Sd
2016-0050,1,2016-04-19,9,Avenida,"Gordillo, Timoteo",8,-58.47305463,-34.68550712,Peaton,Pasajeros,Cruce
2016-0051,1,2016-04-20,4,Avenida,"Alcorta, Amancio Av.",4,-58.40623949,-34.65076549,Moto,Cargas,Cruce
2016-0052,1,2016-04-20,20,Autopista,"Lugones, Leopoldo Av.",13,-58.46388888888889,-34.55361111111111,Moto,Sd,Sd
2016-0053,1,2016-04-22,9,Avenida,Triunvirato Av.,12,-58.48429180,-34.57558053,Peaton,Pasajeros,Cruce
2016-0054,1,2016-04-23,21,Autopista,Autopista Dellepiane Luis Tte. Gral.,8,-58.48695354,-34.68795245,Moto,Moto,Cruce
2016-0055,1,2016-04-25,20,Avenida,"Castilla, Ramon, Mariscal",14,-58.40021959,-34.57964781,Peaton,Cargas,Cruce
2016-0056,1,2016-04-26,4,Avenida,"Campos, Luis M. Av.",14,-58.42957885,-34.57660058,Moto,Objeto Fijo,Altura
2016-0058,1,2016-05-04,14,Calle,Lima,1,-58.38247542,-34.62556293,Peaton,Moto,Altura
2016-0059,1,2016-05-08,16,Calle,Ciudadela,1,-58.38222219,-34.62728101,Peaton,Pasajeros,Cruce
2016-0064,1,2016-05-14,18,Avenida,"Justo, Juan B. Av.",10,-58.49485242,-34.62953445,Peaton,Pasajeros,Cruce
2016-0065,1,2016-05-20,14,Avenida,Gaona Av.,6,-58.45227946,-34.61068024,Peaton,Auto,Cruce
2016-0067,1,2016-05-21,17,Avenida,"de la Torre, Lisandro",8,-58.48455411,-34.67512760,Moto,Pasajeros,Cruce
2016-0068,1,2016-05-22,22,Avenida,"Figueroa Alcorta, Pres. Av.",2,-58.39056593,-34.58418569,Moto,Pasajeros,Cruce
2016-0069,1,2016-05-23,3,Avenida,entre Rios Av.,3,-58.39118948,-34.62704273,Auto,Cargas,Cruce
2016-0073,1,2016-06-11,15,Calle,"Magari?os Cervantes, A.",10,-58.49021952,-34.62025108,Moto,Cargas,Altura
2016-0074,1,2016-06-12,6,Gral Paz,"Paz, Gral. Av.",8,-58.49896559,-34.67732118,Auto,Auto,Cruce
2016-0075,1,2016-06-12,23,Autopista,Autopista Dellepiane Luis Tte. Gral.,8,-58.47461076,-34.66874679,Peaton,Auto,Cruce
2016-0076,1,2016-06-13,16,Avenida,San Martin Av.,15,-58.46210891,-34.60356211,Peaton,Pasajeros,Cruce
2016-0077,1,2016-06-13,21,Avenida,"Peron, Juan Domingo, Tte. General",1,-58.37027770,-34.60536123,Peaton,Pasajeros,Cruce
2016-0078,1,2016-06-13,23,Avenida,Belgrano Av.,3,-58.40491455,-34.61463830,Moto,Moto,Cruce
2016-0079,1,2016-06-16,17,Avenida,del Libertador Av.,13,-58.45504154,-34.54864492,Auto,Auto,Cruce
2016-0080,1,2016-06-18,6,Gral Paz,"Paz, Gral. Av.",9,-58.52927982,-34.63931752,Auto,Sd,Cruce
2016-0081,1,2016-06-22,7,Avenida,"Larralde, Crisologo Av.",12,-58.48721060,-34.55904606,Moto,Auto,Cruce
2016-0082,1,2016-06-27,18,Avenida,la Plata Av.,4,-58.42273092,-34.64228803,Peaton,Auto,Altura
2016-0083,1,2016-06-28,20,Avenida,"Alberdi, Juan Bautista Av.",6,-58.44788671,-34.62539009,Peaton,Moto,Cruce
2016-0084,1,2016-06-29,22,Calle,"Pellegrini, Carlos",1,-58.38110563,-34.60135531,Peaton,Pasajeros,Cruce
2016-0085,1,2016-06-29,22,Avenida,"Rabanal, Francisco, Intendente Av.",4,-58.42378834,-34.65734100,Moto,otro,Cruce
2016-0086,1,2016-06-30,16,Avenida,Olivera Av.,10,-58.48727942,-34.63652467,Peaton,Pasajeros,Cruce
2016-0087,1,2016-07-02,0,Autopista,Autopista 1 Sur Presidente Arturo Frondizi,1,-58.37864583,-34.62907067,Moto,Objeto Fijo,Sd
2016-0088,1,2016-07-11,15,Calle,Ceretti,12,-58.50151750,-34.56767549,Peaton,Auto,Cruce
2016-0089,1,2016-07-14,6,Autopista,"Lugones, Leopoldo Av.",13,-58.43233425,-34.55185825,Peaton,Auto,Cruce
2016-0090,1,2016-07-14,22,Avenida,"Salguero, Jeronimo",5,-58.41971993,-34.61112240,Peaton,Pasajeros,Cruce
2016-0092,1,2016-07-15,11,Gral Paz,"Paz, Gral. Av.",13,-58.46743471,-34.53476874,Moto,Cargas,Cruce
2016-0093,1,2016-07-17,3,Avenida,"Alberdi, Juan Bautista Av.",6,-58.44362126,-34.62301748,Auto,Auto,Cruce
2016-0095,1,2016-07-23,6,Avenida,Mercedes,11,-58.51713095,-34.59546519,Moto,Auto,Cruce
2016-0096,1,2016-07-25,7,Autopista,Autopista Dellepiane Luis Tte. Gral.,8,-58.47433193007387,-34.66684950051973,Moto,Cargas,Sd
2016-0097,1,2016-07-26,18,Calle,Solis,1,-58.39038605,-34.61562810,Peaton,Auto,Cruce
2016-0098,1,2016-07-27,16,Avenida,San Juan Av.,3,-58.40042405,-34.62356174,Moto,Cargas,Cruce
2016-0099,1,2016-07-29,16,Gral Paz,Mosconi General Av.,11,-58.52340614,-34.59798754,Cargas,Cargas,Cruce
2016-0100,1,2016-08-03,23,Gral Paz,"Paz, Gral. Av.",12,-58.49491054,-34.54795581,Moto,Objeto Fijo,Cruce
2016-0101,1,2016-08-07,19,Gral Paz,"Paz, Gral. Av.",9,-58.52932872,-34.65014993,Sd,Sd,Cruce
2016-0102,1,2016-08-10,23,Avenida,"Peron, Eva Av.",9,-58.50011639,-34.67316502,Moto,Cargas,Cruce
2016-0104,1,2016-08-14,21,Avenida,Zinny,9,-58.46635001,-34.65624369,Moto,Pasajeros,Cruce
2016-0105,1,2016-08-17,0,Avenida,"Lacroze, Federico Av.",15,-58.45343236,-34.58435809,Peaton,Pasajeros,Cruce
2016-0106,1,2016-08-19,21,Avenida,"Pellegrini, Carlos",1,-58.38090932,-34.58927731,Peaton,Pasajeros,Cruce
2016-0107,1,2016-08-20,8,Autopista,Autopista 1 Sur Presidente Arturo Frondizi,4,-58.37157668,-34.65429986,Moto,Auto,Sd
2016-0109,1,2016-08-24,5,Autopista,Autopista Perito Moreno,9,-58.52280139,-34.63659934,Auto,Objeto Fijo,Cruce
2016-0110,1,2016-08-24,20,Avenida,"Alberdi, Juan Bautista Av.",9,-58.51232237,-34.65903530,Peaton,Sd,Cruce
2016-0111,1,2016-08-25,9,Autopista,Lugones,15,-58.47461905,-34.57663634,Moto,Cargas,Cruce
2016-0112,1,2016-08-27,4,Autopista,Autopista 25 de Mayo,1,-58.38268809,-34.62282019,Moto,Objeto Fijo,Cruce
2016-0113,1,2016-08-27,16,Avenida,"Alberdi, Juan Bautista Av.",9,-58.49603546,-34.64564271,Peaton,Pasajeros,Cruce
2016-0114,1,2016-08-31,11,Calle,"Salguero, Jeronimo",14,-58.41848605,-34.59394733,Bicicleta,Cargas,Altura
2016-0115,1,2016-09-02,11,Calle,Arias,12,-58.48935041,-34.54917673,Sd,Cargas,Cruce
2016-0116,1,2016-09-02,20,Avenida,27 de Febrero Av.,8,-58.44451316,-34.68475866,Moto,Auto,Cruce
2016-0117,1,2016-09-03,15,Avenida,del Libertador Av.,14,-58.39936478,-34.58271474,Auto,Auto,Cruce
2016-0118,1,2016-09-04,3,Autopista,Autopista 1 Sur Presidente Arturo Frondizi,1,-58.37936704,-34.62694503,Auto,Auto,Sd
2016-0119,1,2016-09-04,6,Avenida,"Larralde, Crisologo Av.",12,-58.49659234,-34.56353635,Sd,Sd,Cruce
2016-0122,1,2016-09-13,7,Avenida,"Peron, Eva Av.",9,-58.47256391,-34.65194557,Bicicleta,Pasajeros,Altura
2016-0123,1,2016-09-14,9,Avenida,Asamblea Av.,7,-58.45130953,-34.64053676,Moto,Auto,Cruce
2016-0124,1,2016-09-16,15,Avenida,Rivadavia Av.,7,-58.46271207,-34.62884871,Peaton,Pasajeros,Cruce
2016-0125,1,2016-09-17,12,Autopista,Autopista Perito Moreno,10,-58.49020869,-34.64243791,Moto,Moto,Cruce
2016-0126,2,2016-09-18,22,Calle,Irigoyen,10,-58.52572109,-34.62125906,Auto,Cargas,Cruce
2016-0127,1,2016-09-24,10,Avenida,"Acosta, Mariano",8,-58.44094791,-34.66677111,Peaton,Pasajeros,Cruce
2016-0128,1,2016-10-02,11,Avenida,Castro,5,-58.41914024,-34.63053890,Peaton,Pasajeros,Cruce
2016-0130,1,2016-10-04,12,Autopista,Autopista 1 Sur Presidente Arturo Frondizi,1,-58.37910942,-34.62764717,Moto,Cargas,Sd
2016-0131,1,2016-10-09,19,Calle,Mirave,4,-58.39871183,-34.64539318,Peaton,Auto,Altura
2016-0132,1,2016-10-10,2,Avenida,San Juan Av.,3,-58.41036975,-34.62477021,Auto,Pasajeros,Cruce
2016-0133,1,2016-10-14,0,Avenida,las Heras General Av.,14,-58.40204698,-34.58342690,Moto,Auto,Cruce
2016-0134,1,2016-10-23,5,Avenida,Piedra Buena Av.,8,-58.48935287,-34.67648597,Moto,Objeto Fijo,Cruce
2016-0135,1,2016-10-24,5,Avenida,"Figueroa Alcorta, Pres. Av.",14,-58.42260225,-34.56403694,Peaton,Sd,Cruce
2016-0136,1,2016-10-25,0,Autopista,Autopista Buenos Aires - la Plata,4,-58.42444444444444,-34.650277777777774,Moto,Cargas,Sd
2016-0137,1,2016-10-25,0,Avenida,San Martin Av.,11,-58.51537091,-34.59035925,Moto,Moto,Cruce
2016-0138,1,2016-10-27,20,Avenida,Cabildo Av.,13,-58.45909670,-34.55922742,Bicicleta,Cargas,Cruce
2016-0139,1,2016-10-28,23,Avenida,"Figueroa Alcorta, Pres. Av.",14,-58.42008769,-34.56539579,Moto,Moto,Cruce
2016-0140,1,2016-10-31,2,Avenida,Juramento Av.,13,-58.45566399,-34.56147293,Pasajeros,Pasajeros,Cruce
2016-0142,1,2016-11-05,23,Avenida,del Libertador Av.,1,-58.37533517,-34.59276462,Moto,Pasajeros,Cruce
2016-0143,1,2016-11-06,4,Avenida,27 de Febrero Av.,8,-58.44451316,-34.68475866,Moto,Sd,Cruce
2016-0144,1,2016-11-07,12,Avenida,"Brown, Alte. Av.",4,-58.35975012,-34.63343907,Peaton,Pasajeros,Altura
2016-0145,1,2016-11-07,20,Avenida,del Libertador Av.,13,-58.44523595,-34.55953855,Moto,Auto,Cruce
2016-0146,1,2016-11-09,20,Avenida,Pichincha Av.,4,-58.39626094,-34.63036565,Peaton,Pasajeros,Cruce
2016-0147,1,2016-11-16,21,Avenida,Independencia Av.,1,-58.38896772,-34.61799615,Movil,Pasajeros,Cruce
2016-0148,1,2016-11-16,22,Avenida,Garmendia Av.,15,-58.46536113,-34.59484504,Moto,Moto,Altura
2016-0150,1,2016-11-18,18,Avenida,"Alcorta, Amancio Av.",4,-58.40879146,-34.65273216,Cargas,Cargas,Cruce
2016-0152,1,2016-11-23,21,Avenida,"Moreno, Perito Av.",7,-58.46451841,-34.64991946,Moto,Auto,Cruce
2016-0153,1,2016-11-25,15,Avenida,Araoz,15,-58.42917090,-34.59485488,Peaton,Moto,Cruce
2016-0154,1,2016-11-26,14,Gral Paz,"Paz, Gral. Av.",8,-58.49007772,-34.68251141,Moto,Moto,Altura
2016-0155,1,2016-11-26,16,Calle,Madero,10,-58.52756365,-34.62772274,Peaton,Auto,Altura
2016-0156,1,2016-11-26,19,Avenida,Independencia Av.,3,-58.40638983,-34.61943202,Moto,Pasajeros,Cruce
2016-0157,1,2016-12-03,6,Avenida,"Justo, Juan B. Av.",11,-58.47576807,-34.61740997,Moto,Moto,Altura
2016-0159,1,2016-12-04,7,Avenida,27 de Febrero Av.,8,-58.44451316,-34.68475866,Auto,Sd,Cruce
2016-0160,1,2016-12-06,5,Autopista,Autopista Perito Moreno,9,-58.51927194,-34.63635787,Cargas,Objeto Fijo,Sd
2016-0161,1,2016-12-06,7,Avenida,Santa Fe Av.,14,-58.42525456,-34.57866344,Peaton,Pasajeros,Cruce
2016-0162,1,2016-12-07,5,Avenida,"Lacroze, Federico Av.",15,-58.45396573,-34.58518167,Peaton,Auto,Cruce
2016-0163,1,2016-12-10,7,Gral Paz,"Paz, Gral. Av.",11,-58.52340614,-34.59798754,Moto,Auto,Cruce
2016-0164,1,2016-12-11,6,Avenida,la Plata Av.,4,-58.42323628,-34.64119105,Auto,Auto,Cruce
2016-0165,1,2016-12-12,8,Avenida,"Garcia, Martin Av.",4,-58.36926144,-34.62841919,Bicicleta,Pasajeros,Altura
2016-0168,1,2016-12-13,10,Avenida,la Plata Av.,4,-58.42323628,-34.64119105,Moto,Auto,Cruce
2016-0169,1,2016-12-15,15,Avenida,Nu?ez,12,-58.47935434,-34.55676497,Moto,Pasajeros,Cruce
2016-0170,1,2016-12-19,17,Gral Paz,"Paz, Gral. Av.",12,-58.50598256,-34.56379980,Moto,Auto,Altura
2016-0171,1,2016-12-25,19,Autopista,"Huergo, Ing. Av.",1,-58.36607137,-34.62150748,Moto,Moto,Cruce
2016-0172,1,2016-12-26,8,Avenida,"Garay, Juan de Av.",5,-58.41918902,-34.63174259,Moto,Cargas,Cruce
2016-0173,1,2016-12-26,19,Avenida,Directorio Av.,7,-58.46749188,-34.63551751,Moto,Cargas,Cruce
2016-0174,1,2016-12-27,0,Autopista,Autopista 25 de Mayo,0,.,.,Sd,Sd,Sd
2016-0175,1,2016-12-27,8,Calle,"Falcon, Ramon L.,cnel.",7,-58.46064174,-34.62960517,Peaton,Bicicleta,Cruce
2016-0176,1,2016-12-28,1,Avenida,Belgrano Av.,1,-58.36956186,-34.61232875,Moto,Pasajeros,Cruce
2016-0177,1,2016-12-29,4,Calle,Arenales,14,-58.40966671,-34.58788235,Peaton,Auto,Altura
2016-0178,1,2016-12-30,16,Calle,Republica Bolivariana de Venezuela,3,-58.40288226,-34.61544091,Peaton,Multiple,Cruce
2017-0001,1,2017-01-02,1,Avenida,"Justo, Juan B. Av.",11,-58.46594230,-34.61028571,Moto,Cargas,Cruce
2017-0003,1,2017-01-05,3,Avenida,Olavarria,4,-58.38957669,-34.64410277,Cargas,Cargas,Cruce
2017-0007,1,2017-01-11,17,Calle,Lima,1,-58.38161660,-34.61529543,Peaton,Multiple,Cruce
2017-0008,1,2017-01-16,0,Calle,"Cabrera, Jose A.",14,-58.43917004,-34.58494351,Moto,Pasajeros,Cruce
2017-0009,1,2017-01-16,13,Autopista,Autopista 25 de Mayo,5,-58.41595919,-34.62743346,Moto,Cargas,Sd
2017-0010,1,2017-01-16,16,Avenida,Directorio Av.,6,-58.43564880,-34.62828656,Moto,Auto,Cruce
2017-0011,1,2017-01-22,2,Gral Paz,"Paz, Gral. Av.",12,-58.50073810,-34.54979510,Moto,Objeto Fijo,Cruce
2017-0012,1,2017-01-24,14,Calle,Traful,4,-58.40969005,-34.65055290,Moto,Cargas,Cruce
2017-0013,1,2017-01-27,7,Avenida,"Iriarte, Gral. Av.",4,-58.38972622,-34.65098981,Peaton,Cargas,Altura
2017-0014,1,2017-01-28,8,Avenida,Donado,12,-58.49185972,-34.55046754,Moto,Multiple,Cruce
2017-0015,1,2017-02-02,15,Avenida,Cordoba Av.,2,-58.39293417,-34.59963642,Peaton,Auto,Cruce
2017-0016,1,2017-02-03,5,Autopista,Autopista 25 de Mayo,1,-58.38099494,-34.62288231,Moto,Cargas,Sd
2017-0017,1,2017-02-06,8,Avenida,"Justo, Juan B. Av.",14,-58.42901200,-34.58095431,Moto,Auto,Cruce
2017-0018,1,2017-02-09,7,Gral Paz,"Paz, Gral. Av.",9,-58.50877521,-34.66977709,Moto,Auto,Cruce
2017-0021,1,2017-02-18,5,Calle,Sarmiento,1,-58.38362373,-34.60509972,Moto,Pasajeros,Cruce
2017-0024,1,2017-02-23,20,Avenida,Rivadavia Av.,7,-58.46589308,-34.62955795,Peaton,Pasajeros,Altura
2017-0025,1,2017-02-24,17,Avenida,"Fernandez de la Cruz, F., Gral. Av.",7,-58.43614426,-34.65424640,Moto,Sd,Cruce
2017-0026,2,2017-02-26,5,Avenida,"Moreno, Perito Av.",4,-58.41842777,-34.64979057,Auto,Objeto Fijo,Cruce
2017-0027,1,2017-02-26,21,Avenida,Caseros Av.,1,-58.38332245,-34.63193250,Peaton,Auto,Altura
2017-0028,1,2017-02-28,9,Avenida,Gaona Av.,6,-58.45475488,-34.61196327,Peaton,Auto,Cruce
2017-0029,1,2017-03-07,2,Calle,Mozart,9,-58.48501341,-34.64742455,Sd,Auto,Cruce
2017-0030,1,2017-03-07,8,Avenida,Mozart,9,-58.47010988,-34.65872088,Auto,Pasajeros,Cruce
2017-0031,1,2017-03-11,1,Calle,24 de Noviembre,3,-58.40997560,-34.62873635,Auto,Objeto Fijo,Cruce
2017-0032,1,2017-03-12,5,Gral Paz,"Paz, Gral. Av.",8,-58.48892175,-34.68359163,Auto,Auto,Cruce
2017-0033,1,2017-03-12,7,Gral Paz,"Paz, Gral. Av.",11,-58.52466448,-34.60325478,Auto,Auto,Cruce
2017-0034,1,2017-03-13,7,Calle,Godoy Cruz,14,-58.42554218,-34.57929036,Peaton,Auto,Altura
2017-0035,3,2017-03-23,5,Avenida,"Achaval Rodriguez, T., Dr. Av.",1,-58.35881506,-34.61113641,Auto,Objeto Fijo,Cruce
2017-0036,2,2017-03-29,18,Gral Paz,"Paz, Gral. Av.",12,-58.51452347,-34.58159762,Moto,Pasajeros,Cruce
2017-0037,1,2017-03-31,3,Avenida,Independencia Av.,1,-58.38896772,-34.61799615,Moto,Cargas,Cruce
2017-0038,1,2017-04-01,19,Avenida,Casta?ares Av.,7,-58.44516857,-34.64363363,Moto,Auto,Cruce
2017-0040,1,2017-04-03,9,Avenida,"Guiraldes, Int.",13,-58.43834197,-34.54560369,Auto,Multiple,Altura
2017-0041,1,2017-04-03,23,Calle,"Fernandez Moreno, Baldomero",7,-58.45485084,-34.63531854,Moto,Auto,Altura
2017-0042,1,2017-04-10,9,Gral Paz,"Lugones, Leopoldo Av.",14,-58.43055555555555,-34.58888888888889,Moto,Cargas,Sd
2017-0045,1,2017-04-14,6,Calle,Nogoya,10,-58.52449285,-34.62454175,Moto,Objeto Fijo,Altura
2017-0047,1,2017-04-23,6,Avenida,Argentina Av.,8,-58.46713742,-34.67198790,Moto,Auto,Cruce
2017-0049,1,2017-04-27,18,Avenida,"Fernandez de la Cruz, F., Gral. Av.",8,-58.43850413,-34.65554754,Peaton,Pasajeros,Cruce
2017-0050,2,2017-04-28,11,Autopista,Autopista Perito Moreno,9,-58.483333333333334,-34.65,Moto,Cargas,Sd
2017-0051,1,2017-05-01,3,Autopista,Autopista Dellepiane Luis Tte. Gral.,7,-58.467222222222226,-34.63027777777778,Auto,Auto,Sd
2017-0052,1,2017-05-05,3,Gral Paz,"Paz, Gral. Av.",8,-58.49413799,-34.68095739,Peaton,Cargas,Cruce
2017-0053,1,2017-05-05,20,Calle,Vieytes,4,-58.37547846,-34.65326075,Moto,Cargas,Cruce
2017-0054,1,2017-05-07,21,Avenida,de los Constituyentes Av.,15,-58.48680218,-34.58689719,Moto,Auto,Cruce
2017-0055,1,2017-05-09,8,Avenida,de los Constituyentes Av.,12,-58.49563989,-34.57962262,Auto,Auto,Altura
2017-0058,1,2017-05-09,23,Avenida,Cordoba Av.,1,-58.38403232,-34.59915940,Peaton,Moto,Cruce
2017-0059,1,2017-05-11,9,Calle,Brasil,1,-58.38223382,-34.62693865,Peaton,Pasajeros,Cruce
2017-0060,1,2017-05-13,7,Avenida,Escalada Av.,8,-58.45966521,-34.67323292,Moto,Objeto Fijo,Cruce
2017-0061,1,2017-05-15,13,Avenida,Paraguay,2,-58.39303911,-34.59871111,Peaton,Moto,Cruce
2017-0062,1,2017-05-15,16,Avenida,"Justo, Juan B. Av.",10,-58.51262106,-34.63395999,Moto,Cargas,Cruce
2017-0063,1,2017-05-17,10,Avenida,Chile,1,-58.38118367,-34.61646839,Peaton,Pasajeros,Cruce
2017-0064,1,2017-05-20,5,Calle,Maipu,1,-58.37653284,-34.60582475,Cargas,Auto,Cruce
2017-0065,1,2017-05-22,16,Avenida,Suarez Av.,4,-58.37709334,-34.64035082,Bicicleta,Cargas,Cruce
2017-0066,1,2017-05-22,18,Avenida,San Martin Av.,15,-58.46002142,-34.60409469,Peaton,Pasajeros,Cruce
2017-0067,1,2017-05-23,2,Avenida,Directorio Av.,6,-58.43381970,-34.62801894,Moto,Cargas,Cruce
2017-0068,1,2017-05-27,19,Avenida,"Rabanal, Francisco, Intendente Av.",8,-58.43580656,-34.66437532,Moto,Objeto Fijo,Altura
2017-0069,1,2017-05-24,14,Gral Paz,"Paz, Gral. Av.",9,-58.52173071,-34.65997463,Moto,Sd,Cruce
2017-0070,1,2017-05-30,13,Calle,Nueva York,11,-58.50791763,-34.59804273,Peaton,Auto,Altura
2017-0072,1,2017-06-03,23,Avenida,de los Constituyentes Av.,12,-58.49175088,-34.58226957,Auto,Auto,Cruce
2017-0073,1,2017-06-04,9,Avenida,Corrientes Av.,3,-58.40781467,-34.60425669,Moto,Auto,Cruce
2017-0074,1,2017-06-04,12,Calle,Casco,9,-58.52567073,-34.63787791,Sd,Sd,Altura
2017-0075,1,2017-06-12,22,Avenida,de Mayo Av.,1,-58.38154200,-34.60906385,Peaton,Moto,Cruce
2017-0076,1,2017-06-13,14,Avenida,"Castillo, Ramon S., Pres. Av.",2,-58.38526125,-34.57805810,Peaton,Cargas,Cruce
2017-0077,1,2017-06-17,23,Calle,Fray Justo Santamaria de Oro,14,-58.42934104,-34.58451712,Moto,Cargas,Altura
2017-0079,1,2017-06-19,16,Calle,Mexico,3,-58.40657493,-34.61781124,Moto,Cargas,Cruce
2017-0080,1,2017-06-22,10,Avenida,"Alberdi, Juan Bautista Av.",9,-58.49525314,-34.64487785,Peaton,Cargas,Cruce
2017-0082,1,2017-06-25,22,Avenida,entre Rios Av.,4,-58.39092851,-34.62932696,Peaton,Auto,Cruce
2017-0083,1,2017-07-04,0,Avenida,"Alberdi, Juan Bautista Av.",9,-58.49603546,-34.64564271,Moto,Cargas,Cruce
2017-0084,1,2017-07-05,12,Avenida,del Libertador Av.,2,-58.38502878,-34.58703485,Peaton,Pasajeros,Cruce
2017-0085,1,2017-07-07,14,Avenida,Tacuari,4,-58.37261143,-34.63150425,Peaton,Pasajeros,Cruce
2017-0086,1,2017-07-09,7,Avenida,Rivadavia Av.,9,-58.51876802,-34.63905965,Peaton,Moto,Cruce
2017-0087,1,2017-07-10,10,Calle,24 de Noviembre,3,-58.41095567,-34.61516101,Peaton,Auto,Altura
2017-0088,1,2017-07-10,22,Avenida,Paseo Colon Av.,1,-58.36797542,-34.62519403,Peaton,Pasajeros,Cruce
2017-0089,1,2017-07-13,12,Calle,"Leguizamon, Martiniano",9,-58.51514709,-34.64787051,Sd,Auto,Altura
2017-0090,1,2017-07-15,5,Gral Paz,Chivilcoy Av.,11,-58.51925642,-34.59171721,Peaton,Auto,Cruce
2017-0091,1,2017-07-15,13,Gral Paz,Superi,12,-58.48671535,-34.54321216,Moto,Sd,Cruce
2017-0092,1,2017-07-24,22,Autopista,Autopista 25 de Mayo,1,-58.38268809,-34.62282019,Peaton,Auto,Cruce
2017-0093,1,2017-07-25,16,Autopista,"Lugones, Leopoldo Av.",13,-58.43633522,-34.54966288,Peaton,Auto,Cruce
2017-0094,1,2017-07-27,8,Calle,"Hugo, Victor",10,-58.52640838,-34.61765855,Bicicleta,Cargas,Altura
2017-0095,1,2017-08-06,8,Avenida,Cordoba Av.,14,-58.41894306,-34.59778875,Moto,Auto,Cruce
2017-0096,1,2017-08-07,19,Avenida,Cabildo Av.,13,-58.46756026,-34.54972741,Peaton,Pasajeros,Cruce
2017-0098,1,2017-08-08,12,Calle,"Bonifacio, Jose",7,-58.45715752,-34.63132912,Peaton,Auto,Altura
2017-0099,1,2017-08-17,19,Avenida,"Figueroa Alcorta, Pres. Av.",14,-58.42406784,-34.56213916,Bicicleta,Auto,Altura
2017-0100,1,2017-08-21,7,Calle,Republica Bolivariana de Venezuela,3,-58.39674470,-34.61512051,Moto,Objeto Fijo,Altura
2017-0101,1,2017-08-23,10,Avenida,"Lacroze, Federico Av.",13,-58.44537508,-34.57084818,Peaton,Multiple,Cruce
2017-0102,1,2017-08-24,1,Avenida,"Iriarte, Gral. Av.",4,-58.40056767,-34.65107080,Peaton,Cargas,Cruce
2017-0104,1,2017-08-25,9,Avenida,9 de Julio Av.,1,-58.38109568,-34.61853244,Peaton,Cargas,Cruce
2017-0106,1,2017-08-31,19,Calle,Fray Justo Santamaria de Oro,14,-58.42533612,-34.58035258,Peaton,Pasajeros,Cruce
2017-0107,1,2017-09-01,11,Avenida,del Libertador Av.,13,-58.46062311,-34.54395182,Moto,Cargas,Cruce
2017-0108,2,2017-09-02,4,Gral Paz,"Paz, Gral. Av.",12,-58.49491054,-34.54795581,Objeto Fijo,Auto,Cruce
2017-0109,1,2017-09-04,21,Avenida,Directorio Av.,7,-58.47130269,-34.63665402,Moto,Auto,Cruce
2017-0110,1,2017-09-06,14,Avenida,Lavalle,1,-58.37048800,-34.60189492,Peaton,Pasajeros,Cruce
2017-0111,1,2017-09-07,18,Calle,Uspallata,4,-58.42023854,-34.64234110,Peaton,Cargas,Cruce
2017-0112,2,2017-09-10,9,Autopista,Autopista 25 de Mayo,7,-58.45807401,-34.63997430,Auto,Objeto Fijo,Sd
2017-0113,1,2017-09-11,6,Avenida,Santa Fe Av.,1,-58.37697717,-34.59573848,Peaton,Pasajeros,Cruce
2017-0114,1,2017-09-15,2,Avenida,Alvear Av.,2,-58.39100580,-34.58498660,Auto,Objeto Fijo,Cruce
2017-0115,1,2017-09-19,18,Avenida,Pavon Av.,5,-58.42182126,-34.63089661,Moto,Bicicleta,Cruce
2017-0116,1,2017-09-20,22,Gral Paz,"Paz, Gral. Av.",12,-58.51389422,-34.58075791,Moto,Objeto Fijo,Altura
2017-0118,1,2017-09-22,7,Avenida,Vieytes,4,-58.37585415,-34.65232158,Moto,Auto,Cruce
2017-0120,1,2017-10-02,15,Autopista,Autopista Dellepiane Luis Tte. Gral.,9,-58.47297505,-34.66245085,Moto,Cargas,Cruce
2017-0123,1,2017-10-10,1,Avenida,Albari?o,8,-58.46855503,-34.67216349,Peaton,Auto,Cruce
2017-0124,1,2017-10-12,14,Calle,"Ramirez de Velasco, Juan",15,-58.44254033,-34.59185043,Moto,Pasajeros,Altura
2017-0125,1,2017-10-13,6,Avenida,"Fernandez de la Cruz, F., Gral. Av.",8,-58.46622247,-34.67926929,Moto,Objeto Fijo,Cruce
2017-0126,2,2017-10-14,6,Avenida,Riestra Av.,8,-58.48003734,-34.68148508,Auto,Objeto Fijo,Cruce
2017-0127,1,2017-10-16,7,Avenida,Gallo,2,-58.41192137,-34.59800248,Moto,Moto,Cruce
2017-0128,1,2017-10-17,12,Calle,"Aranguren, Juan F., Dr.",6,-58.44034689,-34.61349731,Peaton,Pasajeros,Altura
2017-0129,1,2017-10-26,19,Autopista,Autopista Perito Moreno,9,-58.47155277,-34.64925746,Moto,Pasajeros,Cruce
2017-0130,1,2017-10-27,5,Avenida,Chorroarin,15,-58.47883099,-34.59967065,Auto,Cargas,Cruce
2017-0132,1,2017-10-30,14,Avenida,Cosquin,8,-58.46552171,-34.69374130,Moto,Pasajeros,Cruce
2017-0134,1,2017-11-06,18,Avenida,"Roca, Cnel. Av.",8,-58.44239720,-34.66777987,Peaton,Pasajeros,Altura
2017-0135,1,2017-11-07,12,Avenida,Warnes Av.,15,-58.47032551,-34.59626814,Moto,Cargas,Cruce
2017-0136,1,2017-11-16,8,Avenida,Barco Centenera del,4,-58.41827843,-34.65522746,Peaton,Pasajeros,Cruce
2017-0137,1,2017-11-17,11,Avenida,Mosconi General Av.,11,-58.51280715,-34.59279388,Peaton,Cargas,Cruce
2017-0138,1,2017-11-19,10,Avenida,Lafuente Av.,7,-58.46258582,-34.64385704,Moto,Objeto Fijo,Cruce
2017-0139,1,2017-11-19,22,Avenida,"Roca, Cnel. Av.",8,-58.45064148,-34.68003614,Auto,Objeto Fijo,Cruce
2017-0140,1,2017-11-19,23,Autopista,Autopista 1 Sur Presidente Arturo Frondizi,4,-58.42444444444444,-34.650277777777774,Moto,Pasajeros,Sd
2017-0141,1,2017-11-23,19,Avenida,la Plata Av.,6,-58.42717783,-34.62513374,Peaton,Pasajeros,Cruce
2017-0143,1,2017-11-25,21,Calle,"Trelles, Manuel R.",11,-58.46442001,-34.60724519,Auto,Pasajeros,Cruce
2017-0144,1,2017-11-26,6,Gral Paz,"Roca, Cnel. Av.",8,-58.47064556,-34.69843756,Auto,Objeto Fijo,Cruce
2017-0145,1,2017-11-26,17,Calle,Maza,5,-58.41677733,-34.61223119,Moto,Auto,Cruce
2017-0147,1,2017-11-28,11,Gral Paz,"Paz, Gral. Av.",9,-58.50251790,-34.67450313,Moto,Auto,Cruce
2017-0148,1,2017-11-29,10,Avenida,San Juan Av.,3,-58.40708125,-34.62438894,Peaton,Pasajeros,Cruce
2017-0149,1,2017-11-30,12,Avenida,Paseo Colon Av.,1,-58.36947198,-34.61477051,Peaton,Pasajeros,Cruce
2017-0150,1,2017-12-04,1,Avenida,Rivadavia Av.,9,-58.51140889,-34.63934531,Peaton,Auto,Cruce
2017-0151,1,2017-12-04,2,Calle,Vieytes,4,-58.37460912,-34.65559133,Peaton,Pasajeros,Cruce
2017-0152,1,2017-12-06,17,Calle,Cachi,4,-58.41146277,-34.65073916,Bicicleta,Pasajeros,Cruce
2017-0153,2,2017-12-11,2,Avenida,Rosario,6,-58.42855267,-34.61829385,Moto,Pasajeros,Cruce
2017-0154,1,2017-12-11,9,Avenida,entre Rios Av.,4,-58.39035581,-34.63412287,Peaton,Pasajeros,Cruce
2017-0155,1,2017-12-12,21,Avenida,Rivadavia Av.,7,-58.45593915,-34.62656868,Sd,Moto,Altura
2017-0157,1,2017-12-17,9,Gral Paz,"Paz, Gral. Av.",9,-58.52866211,-34.64597065,Auto,Pasajeros,Cruce
2017-0158,1,2017-12-18,21,Gral Paz,Gualeguaychu,11,-58.52037476,-34.59407024,Moto,Auto,Cruce
2017-0159,1,2017-12-20,4,Avenida,Independencia Av.,1,-58.38896772,-34.61799615,Moto,Auto,Cruce
2017-0160,1,2017-12-22,13,Avenida,Nazca Av.,7,-58.47074114,-34.62771756,Peaton,Moto,Altura
2017-0161,1,2017-12-26,15,Avenida,"Peron, Eva Av.",9,-58.48200819,-34.65969965,Peaton,Auto,Altura
2018-0001,1,2018-01-01,22,Avenida,San Juan Av.,3,-58.39536773,-34.62297346,Peaton,Moto,Cruce
2018-0002,1,2018-01-03,16,Calle,Peru,1,-58.37456088,-34.61895467,Bicicleta,Pasajeros,Altura
2018-0003,1,2018-01-05,10,Avenida,"Pueyrredon, Honorio, Dr. Av.",15,-58.44860217,-34.60395657,Peaton,Multiple,Cruce
2018-0004,1,2018-01-09,9,Avenida,del Libertador Av.,13,-58.46129513,-34.54332766,Moto,Multiple,Cruce
2018-0005,1,2018-01-09,22,Avenida,Paseo Colon Av.,1,-58.36907201,-34.61953517,Peaton,Pasajeros,Altura
2018-0006,1,2018-01-10,21,Calle,Valle,6,-58.44062219,-34.62499107,Bicicleta,Pasajeros,Cruce
2018-0007,1,2018-01-11,2,Autopista,Autopista Perito Moreno,9,-58.52502765,-34.63601265,Auto,Auto,Sd
2018-0008,1,2018-01-12,17,Avenida,"Huergo, Ing. Av.",1,-58.36659655,-34.61687778,Moto,Cargas,Cruce
2018-0009,1,2018-01-14,2,Avenida,Pilcomayo,4,-58.36737389,-34.62763661,Moto,Moto,Cruce
2018-0010,1,2018-01-18,5,Calle,Cervantes,10,-58.49807953,-34.63038658,Moto,Cargas,Cruce
2018-0011,1,2018-01-19,10,Avenida,Callao Av.,2,-58.39092703,-34.59088447,Peaton,Pasajeros,Cruce
2018-0012,1,2018-01-26,13,Calle,Oliden,8,-58.46912006,-34.68049201,Moto,Pasajeros,Cruce
2018-0013,1,2018-01-28,8,Avenida,Congreso Av.,12,-58.48661286,-34.56786129,Moto,Auto,Cruce
2018-0014,1,2018-01-31,20,Avenida,"Moreno, Perito Av.",7,-58.44074927,-34.65080597,Peaton,Moto,Cruce
2018-0015,2,2018-02-06,1,Avenida,Australia Av.,4,-58.38636298,-34.64684275,Moto,Pasajeros,Altura
2018-0016,1,2018-02-15,10,Avenida,del Libertador Av.,1,-58.37533517,-34.59276462,Moto,Cargas,Cruce
2018-0017,1,2018-02-17,4,Avenida,San Pedrito Av.,7,-58.46963952,-34.63070603,Peaton,Auto,Cruce
2018-0018,1,2018-02-17,7,Calle,Isabel la Catolica,4,-58.37207554,-34.64543658,Moto,Cargas,Cruce
2018-0019,1,2018-02-17,12,Avenida,las Heras General Av.,2,-58.39189441,-34.59176378,Peaton,Pasajeros,Cruce
2018-0020,1,2018-02-19,22,Autopista,Autopista Presidente Hector J. Campora,8,-58.45012957,-34.66518343,Moto,Cargas,Sd
2018-0021,1,2018-02-22,10,Avenida,"Alcorta, Amancio Av.",4,-58.40184094,-34.64546845,Peaton,Pasajeros,Cruce
2018-0022,1,2018-02-24,0,Avenida,"Montes de Oca, Manuel Av.",4,-58.37441153,-34.63966783,Moto,Cargas,Cruce
2018-0023,1,2018-02-24,6,Calle,Barco Centenera del,6,-58.44110156,-34.62082399,Moto,Auto,Cruce
2018-0024,1,2018-02-28,23,Avenida,Alvarez Thomas Av.,15,-58.47087351,-34.57827342,Peaton,Cargas,Cruce
2018-0025,1,2018-03-04,22,Avenida,Avellaneda Av.,7,-58.45962210,-34.62245140,Peaton,Auto,Cruce
2018-0026,2,2018-03-09,4,Avenida,"Rabanal, Francisco, Intendente Av.",4,-58.41657793,-34.65476216,Movil,Cargas,Cruce
2018-0027,1,2018-03-11,23,Calle,Castro,5,-58.41911301,-34.63722107,Peaton,Moto,Cruce
2018-0028,1,2018-03-13,15,Avenida,"Bilbao, Francisco Av.",9,-58.47120586,-34.64251042,Peaton,Cargas,Cruce
2018-0029,1,2018-03-15,18,Avenida,Nazca Av.,11,-58.47418944,-34.62049672,Moto,Auto,Cruce
2018-0030,1,2018-03-20,1,Avenida,Plaza,15,-58.46720441,-34.57905579,Moto,Moto,Cruce
2018-0031,1,2018-03-28,10,Avenida,Gaona Av.,11,-58.46909362,-34.61779710,Moto,Cargas,Cruce
2018-0032,1,2018-04-02,13,Avenida,Cabildo Av.,13,-58.44704343,-34.56888640,Peaton,Pasajeros,Cruce
2018-0033,1,2018-04-07,7,Avenida,Camarones,10,-58.50535541,-34.62902048,Moto,Cargas,Cruce
2018-0034,1,2018-04-11,18,Avenida,Santa Fe Av.,2,-58.40021675,-34.59522198,Peaton,Pasajeros,Altura
2018-0035,1,2018-04-12,16,Avenida,Rivadavia Av.,7,-58.46325991,-34.62919627,Peaton,Pasajeros,Altura
2018-0036,1,2018-04-13,23,Avenida,San Martin Av.,15,-58.49471482,-34.59694755,Moto,Auto,Cruce
2018-0037,1,2018-04-18,18,Avenida,Cordoba Av.,2,-58.39872610,-34.59975962,Peaton,Cargas,Cruce
2018-0038,2,2018-04-20,17,Avenida,Rivadavia Av.,1,-58.38872177,-34.60885045,Peaton,Auto,Altura
2018-0039,1,2018-04-21,22,Autopista,"Lugones, Leopoldo Av.",14,-58.43055555555555,-34.58888888888889,Peaton,Auto,Sd
2018-0040,1,2018-04-27,11,Calle,"Freire, Ramon, Cap. Gral.",13,-58.45686132,-34.57305993,Peaton,Cargas,Cruce
2018-0041,1,2018-04-27,13,Avenida,la Plata Av.,4,-58.42281627,-34.64282424,Peaton,Pasajeros,Cruce
2018-0042,1,2018-04-27,18,Calle,Brandsen,4,-58.38666024,-34.63953396,Moto,Cargas,Cruce
2018-0043,1,2018-04-28,6,Avenida,"Vilardebo, Teodoro",11,-58.49122843,-34.61207587,Moto,Auto,Cruce
2018-0044,1,2018-04-28,9,Avenida,Alberti,3,-58.40098306,-34.61866627,Peaton,Auto,Cruce
2018-0045,1,2018-04-30,7,Avenida,Alvarez Thomas Av.,13,-58.45448963,-34.57916920,Auto,Cargas,Altura
2018-0046,1,2018-05-02,3,Gral Paz,"Paz, Gral. Av.",9,-58.52927982,-34.63931752,Peaton,Auto,Cruce
2018-0047,1,2018-05-08,19,Avenida,Corrientes Av.,15,-58.44759966,-34.59170240,Peaton,Pasajeros,Cruce
2018-0048,1,2018-05-09,10,Avenida,Rivadavia Av.,7,-58.46411215,-34.62925068,Peaton,Pasajeros,Cruce
2018-0049,1,2018-05-11,19,Calle,Quesada,13,-58.46213220,-34.55395823,Peaton,Auto,Altura
2018-0050,1,2018-05-14,18,Avenida,Cabildo Av.,13,-58.45669422,-34.56203610,Peaton,Pasajeros,Cruce
2018-0051,1,2018-05-15,21,Calle,California,4,-58.35977160,-34.64341878,Peaton,Auto,Cruce
2018-0052,1,2018-05-18,20,Avenida,"Carril, Salvador Maria del Av.",15,-58.49820145,-34.59070093,Peaton,Pasajeros,Cruce
2018-0053,1,2018-05-20,2,Calle,San Luis,3,-58.41059280,-34.59939180,Moto,Auto,Cruce
2018-0054,1,2018-05-22,11,Calle,Lugones,12,-58.47969138,-34.57121563,Peaton,Bicicleta,Altura
2018-0055,1,2018-05-29,7,Avenida,Independencia Av.,3,-58.40351561,-34.61883916,Moto,Auto,Cruce
2018-0056,1,2018-06-02,13,Avenida,Rivadavia Av.,9,-58.51973844,-34.63918987,Peaton,Pasajeros,Altura
2018-0057,1,2018-06-03,3,Calle,Combate de los Pozos,3,-58.39311376,-34.62163006,Moto,Pasajeros,Cruce
2018-0058,1,2018-06-03,6,Avenida,Cordoba Av.,15,-58.43531242,-34.59082159,Moto,Auto,Cruce
2018-0059,1,2018-06-08,6,Avenida,"Garay, Juan de Av.",5,-58.41178165,-34.63035454,Moto,otro,Cruce
2018-0060,1,2018-06-08,12,Avenida,Lavalle,1,-58.37048800,-34.60189492,Peaton,Pasajeros,Cruce
2018-0061,1,2018-06-10,11,Calle,estados Unidos,3,-58.39883882,-34.61964833,Moto,Moto,Cruce
2018-0062,1,2018-06-14,1,Calle,Rosario,6,-58.44110156,-34.62082399,Peaton,Cargas,Cruce
2018-0063,1,2018-06-16,21,Avenida,"Alem, Leandro N. Av.",1,-58.37093138,-34.59952725,Peaton,Pasajeros,Cruce
2018-0064,1,2018-06-25,1,Avenida,Varela Av.,7,-58.45855262,-34.63953253,Auto,Cargas,Cruce
2018-0065,1,2018-06-26,17,Calle,"Pellegrini, Carlos",1,-58.38161909,-34.59283447,Moto,Cargas,Cruce
2018-0066,1,2018-06-28,11,Avenida,Corrientes Av.,15,-58.45511899,-34.58698157,Peaton,Pasajeros,Cruce
2018-0067,1,2018-06-29,16,Avenida,"Montes de Oca, Manuel Av.",4,-58.37724226,-34.62973033,Pasajeros,Auto,Cruce
2018-0068,1,2018-07-01,9,Avenida,Carabobo Av.,7,-58.45546217,-34.62930339,Moto,Auto,Cruce
2018-0069,1,2018-07-04,21,Avenida,Cordoba Av.,2,-58.39897064,-34.59954925,Bicicleta,Pasajeros,Altura
2018-0070,1,2018-07-07,15,Calle,estados Unidos,3,-58.40917826,-34.62126274,Moto,Pasajeros,Cruce
2018-0071,1,2018-07-10,17,Avenida,Moreno,1,-58.36726348,-34.61099738,Moto,Cargas,Cruce
2018-0072,1,2018-07-11,13,Autopista,Autopista Dellepiane Luis Tte. Gral.,8,-58.48267426,-34.68454456,Moto,Cargas,Sd
2018-0073,1,2018-07-11,15,Avenida,"Iriarte, Gral. Av.",4,-58.39546165,-34.65168841,Peaton,Cargas,Altura
2018-0074,1,2018-07-14,6,Avenida,"Alberdi, Juan Bautista Av.",7,-58.46941984,-34.63376545,Auto,Cargas,Altura
2018-0075,1,2018-07-15,7,Avenida,del Libertador Av.,14,-58.40367321,-34.58129246,Peaton,Auto,Cruce
2018-0076,1,2018-07-16,9,Calle,"Chavez, Jorge",9,-58.52932872,-34.65014993,Auto,Cargas,Cruce
2018-0077,1,2018-07-16,23,Calle,"Urquiza, Gral.",3,-58.40917826,-34.62126274,Auto,Cargas,Cruce
2018-0078,1,2018-07-21,6,Calle,Paraguay,2,-58.41264127,-34.59473294,Peaton,Auto,Cruce
2018-0079,1,2018-07-23,7,Gral Paz,de los Corrales Av.,9,-58.50877521,-34.66977709,Peaton,Cargas,Cruce
2018-0080,1,2018-07-25,22,Avenida,"Alberdi, Juan Bautista Av.",9,-58.51232237,-34.65903530,Peaton,Auto,Cruce
2018-0081,1,2018-07-29,6,Avenida,Castanares Av.,7,-58.44744156,-34.64567171,Peaton,Multiple,Cruce
2018-0082,1,2018-08-01,15,Avenida,Larrazabal,9,-58.49441273,-34.65869968,Moto,Cargas,Cruce
2018-0083,1,2018-08-02,5,Gral Paz,"Paz, Gral. Av.",8,-58.47976785,-34.69153196,Moto,Cargas,Cruce
2018-0084,1,2018-08-03,7,Avenida,"Moreau de Justo, Alicia Av.",1,-58.36523349,-34.62260331,Peaton,Cargas,Cruce
2018-0085,2,2018-08-03,18,Avenida,entre Rios Av.,3,-58.39118948,-34.62704273,Moto,Pasajeros,Cruce
2018-0086,1,2018-08-10,21,Avenida,Directorio Av.,9,-58.49019551,-34.65015854,Peaton,Pasajeros,Cruce
2018-0087,1,2018-08-15,19,Avenida,Pavon Av.,5,-58.41644362,-34.63023775,Peaton,Pasajeros,Cruce
2018-0088,1,2018-08-17,16,Gral Paz,"Paz, Gral. Av.",12,-58.50073810,-34.54979510,Moto,Cargas,Cruce
2018-0089,1,2018-08-17,17,Avenida,Pichincha Av.,4,-58.39626094,-34.63036565,Peaton,Pasajeros,Cruce
2018-0090,1,2018-08-18,10,Avenida,27 de Febrero Av.,8,-58.43284809,-34.67051543,Moto,Auto,Cruce
2018-0091,1,2018-08-19,18,Autopista,Autopista Perito Moreno,9,-58.52280139,-34.63659934,Auto,Auto,Cruce
2018-0092,1,2018-08-20,8,Avenida,Cordoba Av.,14,-58.42336930,-34.59774487,Moto,Auto,Cruce
2018-0093,1,2018-08-20,8,Calle,15 de Noviembre de 1889,1,-58.38691681,-34.63105973,Peaton,Pasajeros,Altura
2018-0094,1,2018-08-23,5,Calle,"Salguero, Jeronimo",14,-58.41169020,-34.58579880,Moto,Pasajeros,Cruce
2018-0095,1,2018-08-26,0,Avenida,Lacarra Av.,9,-58.46739825,-34.65117757,Auto,Auto,Cruce
2018-0096,1,2018-08-31,22,Autopista,Autopista Presidente H?ctor J. C?mpora,8,-58.44483258,-34.67152226,Peaton,Auto,Cruce
2018-0097,1,2018-09-02,10,Avenida,Varela Av.,8,-58.43254025,-34.66128115,Auto,otro,Cruce
2018-0098,2,2018-09-09,5,Gral Paz,"Paz, Gral. Av.",8,-58.47199387,-34.69640164,Auto,Auto,Cruce
2018-0099,1,2018-09-12,14,Avenida,Rivadavia Av.,7,-58.46411215,-34.62925068,Peaton,Pasajeros,Cruce
2018-0100,1,2018-09-20,10,Avenida,"Rawson de Dellepiane, Elvira Av.",1,-58.36217754,-34.62367156,Moto,Auto,Altura
2018-0101,1,2018-09-21,0,Gral Paz,"Paz, Gral. Av.",12,-58.48098594,-34.54073130,Auto,Multiple,Cruce
2018-0102,1,2018-09-21,0,Calle,Famatina,4,-58.41083404,-34.64640709,Moto,Auto,Cruce
2018-0103,1,2018-09-27,17,Avenida,Casta?ares Av.,7,-58.44609828,-34.64446729,Peaton,Moto,Cruce
2018-0104,1,2018-10-01,8,Autopista,Autopista 1 Sur Presidente Arturo Frondizi,4,-58.37709334,-34.64035082,Moto,Moto,Cruce
2018-0105,1,2018-10-03,18,Avenida,Nazca Av.,7,-58.46963952,-34.63070603,Peaton,Pasajeros,Cruce
2018-0106,1,2018-10-04,22,Avenida,"Figueroa Alcorta, Pres. Av.",13,-58.43674281,-34.55161027,Moto,Moto,Cruce
2018-0107,1,2018-10-06,14,Avenida,Rivadavia Av.,3,-58.40596860,-34.61011987,Peaton,Pasajeros,Cruce
2018-0108,1,2018-10-09,14,Avenida,de los Italianos Av.,1,-58.36154069,-34.60463618,Moto,Auto,Cruce
2018-0109,1,2018-10-10,22,Avenida,Tucuman,1,-58.37062179,-34.60066507,Peaton,Pasajeros,Cruce
2018-0110,1,2018-10-13,3,Avenida,Corrientes Av.,15,-58.43220014,-34.60207186,Peaton,Moto,Cruce
2018-0111,1,2018-10-19,12,Autopista,Autopista Perito Moreno,9,-58.46958442,-34.64949724,Moto,Cargas,Sd
2018-0112,1,2018-10-24,9,Calle,Mu?ecas,15,-58.44671397,-34.59970903,Moto,Cargas,Cruce
2018-0113,1,2018-10-25,11,Calle,"Artigas, Jose Gervasio, Gral.",11,-58.47152163,-34.61474911,Moto,Cargas,Cruce
2018-0114,1,2018-10-30,2,Avenida,Solis,1,-58.39032921,-34.61807951,Moto,Auto,Cruce
2018-0115,1,2018-10-31,12,Calle,"Bosch, Ventura",9,-58.52887773,-34.64297861,Peaton,Pasajeros,Cruce
2018-0116,1,2018-11-01,10,Gral Paz,"Paz, Gral. Av.",8,-58.49371157,-34.67981324,Peaton,Cargas,Altura
2018-0117,1,2018-11-04,8,Avenida,"Peron, Eva Av.",9,-58.48266599,-34.66012327,Moto,Moto,Altura
2018-0118,1,2018-11-05,14,Avenida,"Peron, Juan Domingo, Tte. General",3,-58.40612253,-34.60774301,Peaton,Moto,Cruce
2018-0119,1,2018-11-05,22,Avenida,"Rabanal, Francisco, Intendente Av.",8,-58.43613623,-34.66292532,Peaton,Sd,Cruce
2018-0120,1,2018-11-09,13,Avenida,Monroe,12,-58.48250732,-34.57208238,Peaton,Auto,Cruce
2018-0121,1,2018-11-09,16,Avenida,Rivadavia Av.,10,-58.49945705,-34.63743280,Peaton,Pasajeros,Cruce
2018-0122,1,2018-11-12,1,Autopista,Autopista Dellepiane Luis Tte. Gral.,8,-58.47743966,-34.67233407,Auto,Auto,Cruce
2018-0123,1,2018-11-12,3,Gral Paz,"Paz, Gral. Av.",9,-58.50251790,-34.67450313,Auto,Sd,Cruce
2018-0124,1,2018-11-15,19,Autopista,Autopista Perito Moreno,9,-58.52144411,-34.63682499,Cargas,Cargas,Sd
2018-0125,1,2018-11-16,21,Avenida,Saenz Av.,4,-58.41650465,-34.65084045,Peaton,Pasajeros,Cruce
2018-0126,1,2018-11-18,12,Gral Paz,"Paz, Gral. Av.",9,-58.52994219,-34.64055918,Moto,Auto,Cruce
2018-0127,1,2018-11-19,9,Gral Paz,"Paz, Gral. Av.",12,-58.50993046,-34.56919739,Moto,Moto,Cruce
2018-0128,2,2018-11-25,4,Gral Paz,"Paz, Gral. Av.",9,-58.52844623,-34.64592873,Auto,Pasajeros,Altura
2018-0129,1,2018-11-28,4,Avenida,"Newbery, Jorge Av.",15,-58.45021367,-34.58695347,Moto,Pasajeros,Cruce
2018-0130,1,2018-12-03,3,Avenida,Gaona Av.,10,-58.49022072,-34.62770192,Moto,Pasajeros,Cruce
2018-0131,1,2018-12-07,19,Avenida,"Madero, Eduardo Av.",1,-58.36860866,-34.60106568,Moto,Cargas,Altura
2018-0132,1,2018-12-12,8,Autopista,Autopista Arturo Illia,2,-58.39490504,-34.57241534,Peaton,Cargas,Cruce
2018-0133,1,2018-12-12,14,Avenida,Nazca Av.,7,-58.46963952,-34.63070603,Peaton,Cargas,Cruce
2018-0134,1,2018-12-12,21,Avenida,la Plata Av.,7,-58.42349365,-34.64019887,Peaton,Moto,Cruce
2018-0135,1,2018-12-18,14,Avenida,Belgrano Av.,1,-58.37471802,-34.61265002,Peaton,Pasajeros,Cruce
2018-0136,1,2018-12-18,15,Avenida,Rivadavia Av.,7,-58.46438789,-34.62913916,Peaton,Pasajeros,Altura
2018-0137,1,2018-12-18,20,Calle,"Alsina, Adolfo",1,-58.38481975,-34.61100424,Moto,Pasajeros,Cruce
2018-0138,1,2018-12-21,9,Calle,Bermudez,10,-58.50751833,-34.62073702,Pasajeros,Pasajeros,Altura
2018-0139,1,2018-12-22,6,Calle,Santander,7,-58.44682986,-34.63888084,Moto,Moto,Altura
2018-0140,1,2018-12-22,8,Calle,Lanteri Julieta,1,-58.36004650,-34.61381341,Auto,Auto,Altura
2018-0141,1,2018-12-22,17,Avenida,Maza,5,-58.41509546,-34.62085945,Peaton,Moto,Cruce
2018-0142,1,2018-12-25,13,Gral Paz,"Paz, Gral. Av.",12,-58.50997604,-34.57251072,Cargas,Pasajeros,Altura
2018-0143,1,2018-12-29,5,Avenida,Olivera Av.,10,-58.48606475,-34.64047818,Moto,Auto,Cruce
2019-0001,1,2019-01-08,8,Avenida,"Castillo, Ramon S., Pres. Av.",2,-58.38526125,-34.57805810,Moto,Cargas,Cruce
2019-0002,1,2019-01-09,4,Avenida,Casta?ares Av.,7,-58.45463662,-34.65082149,Auto,Cargas,Cruce
2019-0003,1,2019-01-12,8,Avenida,San Martin Av.,15,-58.49121672,-34.59718073,Moto,Auto,Cruce
2019-0004,1,2019-01-14,19,Avenida,"Peron, Eva Av.",9,-58.47325712,-34.65284605,Auto,Pasajeros,Cruce
2019-0005,1,2019-01-19,12,Avenida,"Justo, Juan B. Av.",10,-58.52108101,-34.63382309,Moto,Cargas,Cruce
2019-0006,1,2019-01-23,5,Avenida,"Obligado Rafael, Av.costanera",14,-58.41652702,-34.55509606,Peaton,Auto,Altura
2019-0007,1,2019-01-26,19,Calle,"Mitre, Bartolome",5,-58.42891604,-34.61071660,Moto,Auto,Cruce
2019-0008,1,2019-01-30,22,Gral Paz,"Paz, Gral. Av.",8,-58.47802293,-34.69156793,Moto,Multiple,Altura
2019-0009,1,2019-01-31,14,Avenida,Chacabuco,1,-58.37564821,-34.62200207,Moto,Auto,Cruce
2019-0010,2,2019-02-02,7,Avenida,del Libertador Av.,14,-58.42668489,-34.56961468,Peaton,Auto,Altura
2019-0011,1,2019-02-10,1,Gral Paz,"Paz, Gral. Av.",9,-58.51839930,-34.66252488,Peaton,Auto,Cruce
2019-0012,1,2019-02-17,3,Avenida,Casta?ares Av.,8,-58.48432691,-34.67665828,Moto,Auto,Cruce
2019-0013,1,2019-02-20,7,Calle,Salvigny,7,-58.43383830,-34.64457699,Peaton,Auto,Cruce
2019-0014,1,2019-02-20,17,Calle,"Lamarca, Emilio",11,-58.51664939,-34.58657938,Moto,Objeto Fijo,Altura
2019-0015,1,2019-02-23,6,Avenida,San Martin Av.,11,-58.49613012,-34.59703502,Auto,Objeto Fijo,Altura
2019-0016,1,2019-02-24,2,Calle,"Carrillo, Ramon, Dr.",4,-58.38313603,-34.63356284,Moto,Pasajeros,Cruce
2019-0017,1,2019-03-03,7,Calle,Mexico,3,-58.39914719,-34.61632317,Auto,Pasajeros,Cruce
2019-0018,1,2019-03-03,23,Autopista,"Cantilo, Int.",13,-58.44927253,-34.54048625,Peaton,Auto,Cruce
2019-0019,1,2019-03-06,12,Avenida,del Libertador Av.,13,-58.45049163,-34.55374003,Moto,Auto,Altura
2019-0020,1,2019-03-07,21,Avenida,Chiclana Av.,5,-58.41288952,-34.63572989,Moto,Auto,Altura
2019-0021,1,2019-03-15,22,Avenida,Boyaca Av.,7,-58.45743597,-34.62561234,Moto,Auto,Cruce
2019-0022,1,2019-03-15,0,Avenida,entre Rios Av.,1,-58.39123782,-34.62352245,Auto,Sd,Altura
2019-0023,1,2019-03-16,8,Gral Paz,"Paz, Gral. Av.",9,-58.52922765,-34.63637963,Auto,Objeto Fijo,Cruce
2019-0024,1,2019-03-19,7,Avenida,Antartida Argentina Av.,1,-58.37208118,-34.58541957,Moto,Cargas,Altura
2019-0025,1,2019-03-22,13,Calle,"Mitre, Bartolome",5,-58.41458534,-34.60937557,Peaton,Auto,Cruce
2019-0026,1,2019-03-28,7,Avenida,"Fernandez de la Cruz, F., Gral. Av.",8,-58.47976785,-34.69153196,Peaton,Pasajeros,Cruce
2019-0027,1,2019-03-28,11,Avenida,Santa Fe Av.,2,-58.39990285,-34.59511714,Bicicleta,Multiple,Cruce
2019-0028,1,2019-04-06,9,Avenida,"Justo, Juan B. Av.",11,-58.46051346,-34.60588536,Peaton,Pasajeros,Cruce
2019-0029,1,2019-04-07,10,Avenida,"Fernandez de la Cruz, F., Gral. Av.",8,-58.47976785,-34.69153196,Moto,Objeto Fijo,Cruce
2019-0030,1,2019-04-09,16,Calle,"Alvarez, Donato, Tte. Gral.",7,-58.45457546,-34.62447891,Moto,Cargas,Cruce
2019-0031,1,2019-04-12,19,Avenida,Cordoba Av.,1,-58.36951669,-34.59832047,Bicicleta,Cargas,Cruce
2019-0032,1,2019-04-16,11,Avenida,Camarones,11,-58.46415322,-34.60443790,Peaton,Auto,Cruce
2019-0033,1,2019-04-18,1,Autopista,Autopista 25 de Mayo,1,-58.36607137,-34.62150748,Moto,Sd,Cruce
2019-0034,1,2019-04-21,9,Avenida,"Moreno, Perito Av.",7,-58.45537373,-34.65093074,Moto,Objeto Fijo,Altura
2019-0035,1,2019-04-23,14,Calle,Suipacha,1,-58.37942637,-34.60053054,Peaton,Bicicleta,Altura
2019-0036,1,2019-04-26,22,Calle,Riglos,6,-58.43680440,-34.62147504,Moto,Auto,Cruce
2019-0037,1,2019-05-01,23,Avenida,la Rioja,3,-58.40778291,-34.61971907,Moto,Auto,Cruce
2019-0038,1,2019-05-04,14,Avenida,"Udaondo, Guillermo Av.",13,-58.45212523,-34.54628513,Peaton,Moto,Cruce
2019-0039,1,2019-05-09,3,Avenida,San Pedrito Av.,7,-58.46749188,-34.63551751,Moto,Auto,Cruce
2019-0040,1,2019-05-09,12,Calle,Puan,7,-58.44263580,-34.63679732,Moto,Sd,Cruce
2019-0041,1,2019-05-11,20,Avenida,"Alberdi, Juan Bautista Av.",9,-58.51140289,-34.65846419,Auto,Multiple,Cruce
2019-0042,1,2019-05-14,15,Calle,Lima,1,-58.38211431,-34.62465368,Peaton,Pasajeros,Cruce
2019-0043,1,2019-05-21,9,Avenida,Cordoba Av.,1,-58.36951669,-34.59832047,Bicicleta,Cargas,Cruce
2019-0044,1,2019-05-27,12,Avenida,Boedo Av.,5,-58.41635217,-34.62036547,Peaton,Moto,Altura
2019-0045,1,2019-06-03,7,Avenida,del Libertador Av.,14,-58.41316147,-34.57579669,Moto,Cargas,Cruce
2019-0046,1,2019-06-04,9,Gral Paz,"Paz, Gral. Av.",13,-58.47617802,-34.53825652,Moto,Auto,Cruce
2019-0047,1,2019-06-06,10,Avenida,Caseros Av.,4,-58.38641783,-34.63330028,Peaton,Cargas,Altura
2019-0048,1,2019-06-07,7,Avenida,Avellaneda Av.,6,-58.45322169,-34.62038137,Moto,Cargas,Altura
2019-0049,1,2019-06-08,9,Calle,Ciudad de la Paz,13,-58.45849057,-34.56166498,Peaton,Cargas,Cruce
2019-0050,1,2019-06-08,23,Avenida,"Salguero, Jeronimo",14,-58.41829559,-34.59411677,Moto,Cargas,Cruce
2019-0051,1,2019-06-11,10,Calle,"Filiberto, Juan de Dios",4,-58.36376488,-34.63832093,Moto,Auto,Cruce
2019-0053,1,2019-06-14,17,Avenida,Asturias Av.,8,-58.46442668,-34.66004784,Auto,Auto,Cruce
2019-0054,1,2019-06-20,3,Calle,Gandara,15,-58.48222035,-34.58428769,Moto,Objeto Fijo,Altura
2019-0055,1,2019-06-20,19,Avenida,"Guevara, Trinidad",1,-58.36819005,-34.60283208,Moto,Pasajeros,Cruce
2019-0056,1,2019-06-29,17,Avenida,Boyaca Av.,7,-58.45877601,-34.62330939,Peaton,Auto,Altura
2019-0057,1,2019-07-05,19,Calle,Artilleros,13,-58.44196498,-34.55760517,Peaton,Auto,Cruce
2019-0058,1,2019-07-10,9,Autopista,Autopista Perito Moreno,10,-58.50622631,-34.63627822,Moto,Pasajeros,Sd
2019-0059,1,2019-07-13,22,Calle,15 de Noviembre de 1889,1,-58.38410880,-34.63099197,Moto,Pasajeros,Cruce
2019-0060,1,2019-07-17,11,Avenida,"Acosta, Mariano Av.",10,-58.48100602,-34.63504312,Peaton,Auto,Cruce
2019-0061,1,2019-07-17,18,Calle,11 de Septiembre de 1888,13,-58.45200171,-34.55781320,Peaton,Pasajeros,Cruce
2019-0062,1,2019-08-01,23,Avenida,"Pino, Virrey del",13,-58.44462132,-34.56201105,Peaton,Pasajeros,Cruce
2019-0063,1,2019-08-04,1,Avenida,Forest Av.,15,-58.45220688,-34.58711712,Moto,Pasajeros,Cruce
2019-0064,1,2019-08-06,3,Avenida,Boyaca Av.,7,-58.45962210,-34.62245140,Moto,Auto,Cruce
2019-0065,1,2019-08-08,16,Calle,Barco Centenera del,4,-58.41970850,-34.65414867,Peaton,Pasajeros,Cruce
2019-0066,1,2019-08-11,21,Avenida,Riestra Av.,7,-58.44187596,-34.64938031,Peaton,Auto,Cruce
2019-0067,1,2019-08-14,15,Calle,"Castro, Emilio",10,-58.49101637,-34.64276621,Moto,Cargas,Altura
2019-0068,1,2019-08-14,17,Avenida,27 de Febrero Av.,8,-58.42493829,-34.66256502,Moto,Moto,Altura
2019-0069,1,2019-08-17,5,Avenida,"Garay, Juan de Av.",4,-58.40489318,-34.62930162,Moto,Auto,Altura
2019-0070,1,2019-08-22,12,Avenida,"Scalabrini Ortiz, Raul Av.",14,-58.42686680,-34.59217875,Moto,Bicicleta,Cruce
2019-0071,1,2019-08-27,11,Avenida,Primera Junta,9,-58.47961100,-34.65620398,Peaton,Cargas,Cruce
2019-0072,1,2019-08-28,6,Avenida,"Alberdi, Juan Bautista Av.",10,-58.47439934,-34.63524207,Auto,Auto,Cruce
2019-0073,1,2019-08-29,1,Avenida,Alvarez Thomas Av.,15,-58.46711912,-34.57926018,Auto,Objeto Fijo,Altura
2019-0074,1,2019-08-29,9,Autopista,"Lugones, Leopoldo Av.",13,-58.46514781,-34.53465378,Moto,Cargas,Cruce
2019-0075,1,2019-08-30,23,Calle,San Antonio,4,-58.37571078,-34.65584079,Moto,Pasajeros,Cruce
2019-0076,1,2019-09-05,18,Autopista,Autopista 1 Sur Presidente Arturo Frondizi,4,-58.37157668,-34.65429986,Moto,Cargas,Sd
2019-0077,1,2019-09-08,3,Avenida,"Figueroa Alcorta, Pres. Av.",14,-58.39811256,-34.58070186,Peaton,Auto,Cruce
2019-0078,1,2019-09-12,8,Avenida,"Einstein, Alberto",4,-58.41125934,-34.65417740,Peaton,Cargas,Cruce
2019-0079,1,2019-09-17,5,Calle,Agrelo,5,-58.41822901,-34.61866836,Moto,Pasajeros,Cruce
2019-0080,1,2019-09-17,18,Gral Paz,Cabildo Av.,13,-58.47617802,-34.53825652,Peaton,Moto,Cruce
2019-0081,1,2019-09-23,16,Avenida,Elcano Av.,15,-58.46141281,-34.58623761,Peaton,Pasajeros,Altura
2019-0082,1,2019-09-25,7,Avenida,"Rabanal, Francisco, Intendente Av.",8,-58.42985146,-34.66119740,Bicicleta,Cargas,Altura
2019-0083,1,2019-09-26,8,Calle,Monte,9,-58.48457413,-34.65839090,Auto,Auto,Cruce
2019-0084,1,2019-09-27,11,Calle,Tandil,7,-58.46572884,-34.63628186,Bicicleta,Cargas,Cruce
2019-0085,1,2019-10-09,22,Calle,Cardoso,10,-58.49261744,-34.63419130,Bicicleta,Tren,Cruce
2019-0086,1,2019-10-15,14,Avenida,Corrientes Av.,15,-58.45283186,-34.58841560,Moto,Pasajeros,Altura
2019-0087,1,2019-10-21,21,Avenida,Alvarez Thomas Av.,12,-58.47973681,-34.57418656,Moto,Moto,Cruce
2019-0088,1,2019-10-22,20,Avenida,"Alcorta, Amancio Av.",4,-58.40623949,-34.65076549,Peaton,Pasajeros,Cruce
2019-0089,1,2019-10-23,15,Avenida,"Brown, Alte. Av.",4,-58.36244648,-34.63107887,Peaton,Cargas,Cruce
2019-0090,1,2019-10-24,18,Avenida,"Alberdi, Juan Bautista Av.",9,-58.49962423,-34.64868027,Peaton,Moto,Altura
2019-0091,1,2019-11-01,20,Avenida,"Justo, Juan B. Av.",15,-58.44551437,-34.59559816,Peaton,Pasajeros,Cruce
2019-0092,1,2019-11-03,10,Calle,"Brin, Ministro",4,-58.35608181,-34.63420319,Peaton,Pasajeros,Cruce
2019-0093,1,2019-11-13,11,Avenida,Niza,11,-58.46483679,-34.60907662,Bicicleta,otro,Cruce
2019-0094,1,2019-11-18,14,Calle,Camargo,15,-58.44368628,-34.59724326,Moto,otro,Cruce
2019-0095,1,2019-11-20,15,Autopista,Autopista 1 Sur Presidente Arturo Frondizi,1,-58.37864583,-34.62907067,Moto,Cargas,Sd
2019-0096,1,2019-11-22,19,Avenida,Caseros Av.,1,-58.37560352,-34.62726382,Peaton,Pasajeros,Cruce
2019-0097,1,2019-11-25,8,Autopista,Autopista Perito Moreno,9,-58.47721439,-34.64815069,Moto,Multiple,Sd
2019-0098,1,2019-11-25,14,Avenida,Guzman,15,-58.45134029,-34.58984288,Pasajeros,Pasajeros,Altura
2019-0100,1,2019-12-05,17,Avenida,de los Constituyentes Av.,12,-58.49040794,-34.58368803,Moto,Auto,Altura
2019-0101,1,2019-12-17,4,Avenida,"Moreno, Perito Av.",4,-58.42102679,-34.64991178,Moto,Moto,Cruce
2019-0102,1,2019-12-17,14,Calle,Ibarrola,9,-58.52219407,-34.64143926,Moto,Auto,Cruce
2019-0103,1,2019-12-18,Sd,Gral Paz,"Paz, Gral. Av.",11,-58.52169422,-34.59471640,Moto,Moto,Cruce
2019-0104,1,2019-12-21,4,Avenida,Rivadavia Av.,10,-58.47460416,-34.63206174,Moto,Auto,Cruce
2019-0105,1,2019-05-05,11,Avenida,Santo Tome,10,-58.50512382,-34.61520391,Peaton,Auto,Cruce
2020-0001,1,2020-01-04,10,Calle,Uriarte,15,-58.43910409,-34.59213355,Peaton,Auto,Cruce
2020-0002,1,2020-01-05,20,Avenida,Saraza,7,-58.45019436,-34.64646409,Moto,Objeto Fijo,Cruce
2020-0003,1,2020-01-11,6,Avenida,Rivadavia Av.,3,-58.39337644,-34.60927582,Peaton,Auto,Cruce
2020-0004,1,2020-01-14,21,Avenida,Rodriguez Pe?a,1,-58.39055614,-34.60919284,Peaton,Pasajeros,Cruce
2020-0005,1,2020-01-14,6,Avenida,24 de Noviembre,3,-58.41036975,-34.62477021,Moto,Pasajeros,Cruce
2020-0006,1,2020-01-20,12,Avenida,Lafuente Av.,8,-58.44925765,-34.65412546,Moto,Cargas,Altura
2020-0007,1,2020-01-27,0,Calle,Chile,1,-58.38156850,-34.61648696,Peaton,Moto,Cruce
2020-0008,1,2020-01-30,7,Avenida,Cordoba Av.,2,-58.40662899,-34.59804521,Moto,Cargas,Cruce
2020-0009,1,2020-02-04,14,Calle,"Peron, Juan Domingo, Tte. General",5,-58.41985649,-34.60600850,Peaton,Auto,Cruce
2020-0010,1,2020-02-08,5,Avenida,9 de Julio Av.,1,-58.38099833,-34.62214953,Moto,Objeto Fijo,Cruce
2020-0011,1,2020-02-12,11,Calle,Colombres,5,-58.41803309,-34.61823178,Moto,Cargas,Altura
2020-0012,1,2020-02-18,21,Calle,Mexico,3,-58.40604003,-34.61783553,Peaton,Moto,Altura
2020-0013,1,2020-02-20,12,Avenida,Combatientes de Malvinas Av.,15,-58.47549929,-34.57994061,Peaton,Moto,Cruce
2020-0014,1,2020-02-27,2,Calle,Bermudez,11,-58.51398484,-34.61600366,Moto,Pasajeros,Cruce
2020-0015,1,2020-02-28,14,Avenida,Brasil Av.,1,-58.36797542,-34.62519403,Moto,Pasajeros,Cruce
2020-0016,1,2020-02-29,13,Avenida,"Alem, Leandro N. Av.",1,-58.37133616,-34.59879316,Peaton,Pasajeros,Altura
2020-0017,1,2020-03-05,23,Avenida,Belgrano Av.,3,-58.39613805,-34.61413568,Peaton,Auto,Cruce
2020-0018,1,2020-03-09,14,Avenida,"Udaondo, Guillermo Av.",13,-58.44903073,-34.54200276,Moto,Objeto Fijo,Altura
2020-0019,1,2020-03-10,21,Calle,Constitucion,5,-58.41972364,-34.62846670,Peaton,Auto,Cruce
2020-0020,1,2020-03-13,17,Avenida,Pueyrredon Av.,3,-58.40571596,-34.60557123,Peaton,Moto,Cruce
2020-0021,1,2020-03-14,16,Calle,"Bravo, Mario",2,-58.41451590,-34.59488319,Peaton,Auto,Altura
2020-0022,1,2020-04-07,6,Autopista,Autopista Dellepiane Luis Tte. Gral.,9,-58.47297505,-34.66245085,Auto,Cargas,Cruce
2020-0023,1,2020-04-09,18,Avenida,"Araoz de Lamadrid, Gregorio, Gral.",4,-58.35791192,-34.63695178,Auto,Cargas,Cruce
2020-0024,1,2020-04-24,7,Calle,Murguiondo,9,-58.50801713,-34.65177305,Auto,Auto,Altura
2020-0025,1,2020-05-12,5,Avenida,Rivadavia Av.,3,-58.40258477,-34.60975108,Peaton,Auto,Altura
2020-0026,1,2020-05-17,6,Autopista,"Lugones, Leopoldo Av.",14,-58.43055555555555,-34.58888888888889,Moto,Objeto Fijo,Sd
2020-0027,1,2020-05-18,8,Avenida,"Dellepiane, Luis, Tte. Gral.",8,-58.48267426,-34.68454456,Peaton,Cargas,Cruce
2020-0028,1,2020-05-19,10,Avenida,"Scalabrini Ortiz, Raul Av.",15,-58.44248936,-34.60221948,Peaton,Pasajeros,Cruce
2020-0029,1,2020-06-10,14,Gral Paz,"Paz, Gral. Av.",9,-58.52909134,-34.63886726,Peaton,Pasajeros,Cruce
2020-0030,1,2020-06-16,15,Avenida,San Martin Av.,6,-58.45158942,-34.60646580,Moto,Multiple,Altura
2020-0031,1,2020-06-30,8,Avenida,"Garzon, Eugenio, Gral. Av.",9,-58.49344309,-34.65788529,Moto,Cargas,Cruce
2020-0032,1,2020-07-10,23,Avenida,Corrientes Av.,15,-58.44259166,-34.59635137,Moto,Auto,Cruce
2020-0033,1,2020-07-19,6,Gral Paz,"Paz, Gral. Av.",13,-58.46743471,-34.53476874,Auto,Objeto Fijo,Cruce
2020-0034,1,2020-08-02,3,Calle,"Mitre, Bartolome",3,-58.41178158,-34.60922259,Peaton,Auto,Cruce
2020-0035,1,2020-08-04,5,Autopista,Autopista 25 de Mayo,7,-58.45068621,-34.63638927,Moto,Pasajeros,Sd
2020-0036,1,2020-08-07,18,Avenida,"Scalabrini Ortiz, Raul Av.",14,-58.42016954,-34.58778790,Peaton,Moto,Cruce
2020-0037,1,2020-08-29,4,Avenida,"Fernandez de la Cruz, F., Gral. Av.",8,-58.43850413,-34.65554754,Peaton,Auto,Cruce
2020-0038,2,2020-08-30,4,Avenida,las Heras General Av.,14,-58.40617526,-34.58345898,Auto,Auto,Cruce
2020-0039,1,2020-09-01,19,Calle,Murguiondo,9,-58.483333333333334,-34.65,Peaton,Cargas,Sd
2020-0040,1,2020-09-12,3,Avenida,"Castillo, Ramon S., Pres. Av.",2,-58.38526125,-34.57805810,Auto,Objeto Fijo,Cruce
2020-0041,1,2020-09-28,1,Avenida,Curapaligue,7,-58.44750470,-34.63491705,Moto,Pasajeros,Cruce
2020-0042,1,2020-09-29,17,Avenida,"Diaz, Ana",8,-58.46745752,-34.68192648,Peaton,Pasajeros,Cruce
2020-0043,1,2020-09-30,17,Avenida,"Alem, Leandro N. Av.",1,-58.37202621,-34.59717942,Peaton,Pasajeros,Cruce
2020-0044,1,2020-10-05,0,Avenida,la Plata Av.,6,-58.42779702,-34.62207347,Auto,Auto,Cruce
2020-0045,1,2020-10-19,3,Gral Paz,"Paz, Gral. Av.",8,-58.46244952,-34.70524971,Auto,Cargas,Cruce
2020-0046,1,2020-10-27,21,Avenida,Nazca Av.,11,-58.48440160,-34.60776782,Moto,Moto,Cruce
2020-0047,1,2020-10-27,14,Autopista,Autopista Presidente Hector J. Campora,9,-58.46668375,-34.65174801,Peaton,Cargas,Cruce
2020-0048,1,2020-10-29,20,Avenida,Dorrego Av.,15,-58.44958780,-34.59322448,Moto,Objeto Fijo,Altura
2020-0049,1,2020-10-30,20,Avenida,del Libertador Av.,1,-58.37533517,-34.59276462,Peaton,Auto,Cruce
2020-0050,1,2020-11-01,22,Avenida,Santa Fe Av.,14,-58.42525456,-34.57866344,Peaton,Moto,Cruce
2020-0051,1,2020-11-05,0,Avenida,Avellaneda Av.,10,-58.48493828,-34.62981124,Moto,Auto,Cruce
2020-0052,1,2020-11-07,6,Avenida,Tucuman,3,-58.40480504,-34.60183884,Bicicleta,Cargas,Cruce
2020-0053,1,2020-11-09,3,Avenida,"Alcorta, Amancio Av.",4,-58.41125934,-34.65417740,Auto,Auto,Cruce
2020-0054,1,2020-11-19,9,Calle,Inclan,4,-58.39956546,-34.62977080,Bicicleta,Auto,Cruce
2020-0055,1,2020-11-19,12,Avenida,Olazabal Av.,12,-58.49005682,-34.57868970,Peaton,Cargas,Altura
2020-0056,1,2020-11-21,13,Gral Paz,"Paz, Gral. Av.",8,-58.47064556,-34.69843756,Moto,Cargas,Cruce
2020-0057,1,2020-11-23,7,Avenida,Nazca Av.,11,-58.47501560,-34.61945902,Peaton,Auto,Cruce
2020-0058,1,2020-11-24,16,Avenida,Olivera Av.,10,-58.48727942,-34.63652467,Peaton,Auto,Cruce
2020-0059,1,2020-12-01,6,Calle,Brasil,1,-58.37951690,-34.62794241,Peaton,Pasajeros,Altura
2020-0060,1,2020-12-03,20,Avenida,Homero,9,-58.47750832,-34.65672199,Peaton,Moto,Cruce
2020-0061,1,2020-12-03,14,Autopista,"Cantilo, Int.",13,-58.44927253,-34.54048625,Moto,Cargas,Cruce
2020-0062,1,2020-12-04,17,Calle,Moreno,3,-58.39246272,-34.61253541,Bicicleta,Pasajeros,Altura
2020-0063,2,2020-12-05,7,Calle,Nueva York,11,-58.52783814,-34.61047001,Peaton_moto,Moto,Cruce
2020-0065,1,2020-12-05,16,Gral Paz,"Paz, Gral. Av.",12,-58.49332664,-34.54836855,Moto,Auto,Cruce
2020-0066,1,2020-12-07,4,Autopista,Autopista Perito Moreno,10,-58.50178784,-34.63593897,Moto,Objeto Fijo,Sd
2020-0067,1,2020-12-11,22,Avenida,Saenz Av.,4,-58.41657793,-34.65476216,Peaton,Pasajeros,Cruce
2020-0068,1,2020-12-12,20,Avenida,del Libertador Av.,2,-58.39731474,-34.58307887,Moto,Auto,Cruce
2020-0069,1,2020-12-15,5,Avenida,Independencia Av.,1,-58.38746381,-34.61790839,Moto,Pasajeros,Cruce
2020-0070,1,2020-12-17,15,Avenida,Callao Av.,2,-58.39189441,-34.59176378,Peaton,Pasajeros,Cruce
2020-0071,1,2020-12-17,23,Avenida,San Pedrito Av.,7,-58.46749188,-34.63551751,Peaton,Auto,Cruce
2020-0072,1,2020-12-19,3,Avenida,Jujuy Av.,3,-58.40280471,-34.62113271,Bicicleta,Auto,Cruce
2020-0073,1,2020-12-20,7,Avenida,27 de Febrero Av.,8,-58.44451316,-34.68475866,Moto,Objeto Fijo,Cruce
2020-0074,1,2020-12-20,21,Avenida,Bogota,7,-58.47110424,-34.62742408,Auto,Auto,Cruce
2020-0075,1,2020-12-23,14,Avenida,Corrientes Av.,1,-58.38220928,-34.60373898,Peaton,Pasajeros,Cruce
2020-0076,1,2020-12-24,12,Avenida,Alvarez Jonte Av.,10,-58.49794468,-34.61565025,Auto,Pasajeros,Cruce
2020-0077,2,2020-12-25,6,Avenida,San Martin Av.,15,-58.47220945,-34.60111373,Moto,Auto,Cruce
2020-0078,1,2020-12-25,5,Calle,Barco Centenera del,7,-58.43706741,-34.63217813,Bicicleta,Pasajeros,Altura
2020-0079,1,2020-12-27,4,Gral Paz,"Paz, Gral. Av.",12,-58.49332664,-34.54836855,Moto,Objeto Fijo,Cruce
2021-0001,1,2021-01-06,18,Autopista,Autopista 1 Sur Presidente Arturo Frondizi,1,-58.37960727,-34.62622851,Moto,Auto,Sd
2021-0002,1,2021-01-07,10,Avenida,"Castro, Emilio Av.",9,-58.51061062,-34.64972472,Moto,Cargas,Cruce
2021-0003,1,2021-01-10,7,Autopista,Autopista 25 de Mayo,7,-58.43052224,-34.62941648,Moto,Objeto Fijo,Sd
2021-0004,1,2021-01-11,9,Avenida,Caseros Av.,5,-58.41455544,-34.63866836,Peaton,Cargas,Cruce
2021-0005,1,2021-01-11,21,Avenida,"Peron, Eva Av.",9,-58.46774439,-34.64730145,Peaton,Auto,Altura
2021-0006,1,2021-01-12,21,Autopista,Autopista Arturo Illia,14,-58.40786274,-34.56726817,Moto,Cargas,Cruce
2021-0007,1,2021-01-18,10,Avenida,de los Constituyentes Av.,15,-58.48744301,-34.58622275,Moto,Moto,Cruce
2021-0008,1,2021-01-22,23,Avenida,Saenz Av.,4,-58.41657793,-34.65476216,Peaton,Pasajeros,Cruce
2021-0009,1,2021-01-23,5,Avenida,Paysandu,6,-58.45351111,-34.61134937,Moto,Objeto Fijo,Cruce
2021-0010,1,2021-01-23,8,Gral Paz,"Paz, Gral. Av.",12,-58.50073810,-34.54979510,Moto,Auto,Cruce
2021-0011,1,2021-01-27,1,Avenida,Santa Fe Av.,2,-58.39144148,-34.59564871,Peaton,Auto,Altura
2021-0012,1,2021-01-29,20,Autopista,"Dellepiane, Luis, Tte. Gral.",8,-58.48191128,-34.68385968,Peaton,Auto,Cruce
2021-0013,1,2021-01-31,6,Avenida,"Falcon, Ramon L.,cnel.",10,-58.48727942,-34.63652467,Moto,Objeto Fijo,Cruce
2021-0014,1,2021-02-02,0,Avenida,San Martin Av.,15,-58.48328708,-34.59779521,Peaton,Auto,Cruce
2021-0015,1,2021-02-06,3,Avenida,San Martin Av.,15,-58.49018543,-34.59724990,Moto,Objeto Fijo,Cruce
2021-0016,1,2021-02-14,5,Avenida,"Fernandez de la Cruz, F., Gral. Av.",8,-58.47230127,-34.68482689,Auto,Objeto Fijo,Cruce
2021-0017,1,2021-02-17,4,Avenida,Salta,1,-58.38262614,-34.63168269,Moto,Pasajeros,Cruce
2021-0018,1,2021-02-20,19,Calle,"Jaures, Jean",3,-58.41047268,-34.60793518,Peaton,Auto,Cruce
2021-0019,1,2021-02-21,1,Avenida,Triunvirato Av.,12,-58.49659234,-34.56353635,Moto,Objeto Fijo,Cruce
2021-0020,1,2021-02-21,15,Calle,Potosi,5,-58.42462955,-34.60727189,Peaton,Cargas,Cruce
2021-0021,1,2021-02-26,5,Calle,"Yrigoyen, Hipolito",3,-58.41168345,-34.61185625,Moto,Objeto Fijo,Cruce
2021-0022,1,2021-02-28,12,Avenida,del Libertador Av.,13,-58.45157681,-34.55217303,Pasajeros,Sd,Cruce
2021-0023,1,2021-03-01,9,Autopista,Autopista Buenos Aires - la Plata,4,-58.42444444444444,-34.650277777777774,Moto,Cargas,Sd
2021-0024,1,2021-03-03,16,Avenida,"Peron, Eva Av.",9,-58.49573651,-34.67006054,Bicicleta,Cargas,Cruce
2021-0025,1,2021-03-11,3,Gral Paz,"Paz, Gral. Av.",8,-58.48695354,-34.68795245,Moto,otro,Cruce
2021-0026,1,2021-03-15,2,Autopista,Autopista 1 Sur Presidente Arturo Frondizi,4,-58.37562539,-34.64449357,Moto,Objeto Fijo,Sd
2021-0027,1,2021-03-16,15,Gral Paz,"Paz, Gral. Av.",12,-58.49491054,-34.54795581,Moto,Cargas,Cruce
2021-0028,1,2021-03-29,17,Avenida,Corea Av.,7,-58.44147621,-34.64357704,Peaton,Pasajeros,Cruce
2021-0029,1,2021-03-31,18,Avenida,"Falcon, Ramon L.,cnel.",7,-58.46899119,-34.63215432,Auto,Auto,Cruce
2021-0030,1,2021-04-03,18,Calle,Finochietto Enrique Dr.,4,-58.38685612,-34.63455776,Peaton,Pasajeros,Altura
2021-0031,1,2021-04-07,10,Avenida,9 de Julio Av.,1,-58.38113667,-34.61765323,Peaton,Cargas,Cruce
2021-0032,1,2021-04-10,19,Autopista,"Cantilo, Int.",13,-58.44112678,-34.54538956,Peaton,Moto,Cruce
2021-0033,1,2021-04-14,17,Autopista,Autopista 25 de Mayo,5,-58.41595919,-34.62743346,Auto,Objeto Fijo,Sd
2021-0034,1,2021-04-19,14,Avenida,"Alcorta, Amancio Av.",4,-58.40184094,-34.64546845,Moto,Cargas,Cruce
2021-0035,1,2021-05-03,9,Avenida,"Janer, Ana Maria",8,-58.44642231,-34.65679806,Moto,Cargas,Cruce
2021-0036,1,2021-05-09,6,Gral Paz,"Paz, Gral. Av.",11,-58.52340614,-34.59798754,Moto,Objeto Fijo,Cruce
2021-0037,1,2021-05-11,7,Avenida,Monroe,13,-58.46649069,-34.56219075,Peaton,Pasajeros,Cruce
2021-0038,1,2021-05-14,11,Avenida,"Justo, Juan B. Av.",14,-58.42653328,-34.57816791,Moto,Cargas,Cruce
2021-0039,1,2021-05-15,12,Avenida,Oliden,9,-58.50407099,-34.65303372,Bicicleta,Auto,Cruce
2021-0040,1,2021-05-20,5,Gral Paz,"Paz, Gral. Av.",13,-58.46743471,-34.53476874,Moto,Auto,Cruce
2021-0041,1,2021-05-20,8,Avenida,del Libertador Av.,14,-58.40986646,-34.57728060,Peaton,Pasajeros,Cruce
2021-0042,1,2021-05-21,5,Avenida,Rivadavia Av.,9,-58.51739138,-34.63931792,Peaton,Pasajeros,Altura
2021-0043,1,2021-05-22,18,Avenida,"Alberdi, Juan Bautista Av.",9,-58.50719962,-34.65556223,Peaton,Auto,Cruce
2021-0044,1,2021-05-25,2,Avenida,"Peron, Eva Av.",9,-58.46712311,-34.64600222,Moto,Objeto Fijo,Cruce
2021-0045,1,2021-05-26,17,Autopista,Autopista 1 Sur Presidente Arturo Frondizi,4,-58.37709334,-34.64035082,Moto,Multiple,Sd
2021-0046,1,2021-05-31,2,Avenida,Elcano Av.,15,-58.46033141,-34.58569883,Auto,Objeto Fijo,Cruce
2021-0047,1,2021-06-02,16,Avenida,"Vedia, Agustin de",4,-58.42190745,-34.65633192,Moto,Auto,Cruce
2021-0048,1,2021-06-03,9,Avenida,Capdevila,12,-58.49026573,-34.56981410,Bicicleta,Auto,Cruce
2021-0049,1,2021-06-03,20,Avenida,"Fernandez de la Cruz, F., Gral. Av.",8,-58.45410344,-34.66902702,Auto,Auto,Altura
2021-0050,1,2021-06-10,13,Avenida,del Libertador Av.,13,-58.44751621,-34.55719892,Moto,Pasajeros,Altura
2021-0051,1,2021-06-15,19,Avenida,27 de Febrero Av.,4,-58.42040352,-34.66005171,Peaton,Cargas,Cruce
2021-0052,1,2021-06-20,5,Gral Paz,"Paz, Gral. Av.",8,-58.49530249,-34.68010798,Moto,Objeto Fijo,Altura
2021-0053,1,2021-06-20,12,Avenida,Corrientes Av.,15,-58.44399875,-34.59477360,Peaton,Bicicleta,Altura
2021-0054,1,2021-06-22,14,Calle,Tabare,4,-58.42759813,-34.65463857,Moto,Cargas,Cruce
2021-0055,1,2021-06-29,12,Avenida,Corrientes Av.,3,-58.40547222,-34.60456293,Moto,Cargas,Cruce
2021-0056,1,2021-07-09,23,Avenida,Corrales,4,-58.42473018,-34.65008280,Bicicleta,Auto,Cruce
2021-0057,1,2021-07-10,23,Autopista,Autopista Arturo Illia,2,-58.39257023,-34.57563957,Auto,Objeto Fijo,Sd
2021-0058,1,2021-07-21,0,Gral Paz,"Paz, Gral. Av.",12,-58.48941042,-34.54596153,Peaton,Auto,Cruce
2021-0059,1,2021-07-22,1,Avenida,"Garay, Juan de Av.",3,-58.39640740,-34.62783085,Auto,Objeto Fijo,Altura
2021-0060,1,2021-07-22,12,Avenida,"Salguero, Jeronimo",5,-58.41971993,-34.61112240,Peaton,Pasajeros,Cruce
2021-0061,1,2021-07-24,9,Avenida,"Moreno, Perito Av.",4,-58.40544588,-34.65012801,Peaton,Cargas,Cruce
2021-0062,1,2021-07-27,7,Avenida,la Plata Av.,4,-58.42003882,-34.64645957,Auto,Cargas,Altura
2021-0063,1,2021-08-02,4,Avenida,"Alberdi, Juan Bautista Av.",7,-58.46851293,-34.63348678,Auto,Auto,Altura
2021-0064,1,2021-08-02,20,Gral Paz,"Paz, Gral. Av.",9,-58.52931141,-34.65422917,Peaton,Cargas,Cruce
2021-0065,1,2021-08-06,8,Avenida,San Juan Av.,6,-58.42675754,-34.62699730,Peaton,Pasajeros,Cruce
2021-0066,1,2021-08-06,20,Avenida,Lope de Vega Av.,11,-58.52933723,-34.61098186,Peaton,Pasajeros,Cruce
2021-0067,1,2021-08-08,9,Autopista,Autopista 1 Sur Presidente Arturo Frondizi,1,-58.37910943,-34.62764718,Moto,Objeto Fijo,Sd
2021-0068,1,2021-08-15,6,Avenida,"Beiro, Francisco Av.",11,-58.52161176,-34.61164474,Moto,Objeto Fijo,Altura
2021-0069,1,2021-08-20,17,Avenida,Santa Fe Av.,14,-58.41354692,-34.58697680,Peaton,Auto,Altura
2021-0070,1,2021-08-28,8,Avenida,"Chilavert, Martiniano, Coronel",8,-58.43960781,-34.65470804,Moto,Cargas,Cruce
2021-0071,1,2021-08-31,16,Calle,San Luis,3,-58.40454610,-34.60003693,Peaton,Moto,Altura
2021-0072,1,2021-09-01,19,Avenida,Callao Av.,2,-58.39303911,-34.59871111,Peaton,Auto,Cruce
2021-0073,1,2021-09-18,12,Avenida,del Libertador Av.,2,-58.39391034,-34.58405348,Bicicleta,Auto,Cruce
2021-0074,1,2021-09-20,15,Gral Paz,"Paz, Gral. Av.",12,-58.50073810,-34.54979510,Moto,Multiple,Cruce
2021-0075,1,2021-09-21,14,Calle,Salta,1,-58.38281301,-34.62786038,Peaton,Cargas,Cruce
2021-0076,1,2021-10-16,6,Avenida,"Moreno, Perito Av.",7,-58.43980799,-34.65094083,Moto,Objeto Fijo,Altura
2021-0077,1,2021-10-18,7,Avenida,Directorio Av.,6,-58.44402387,-34.62933109,Moto,Cargas,Altura
2021-0078,1,2021-10-23,6,Avenida,Independencia Av.,6,-58.42779702,-34.62207347,Moto,Pasajeros,Cruce
2021-0079,1,2021-10-25,3,Calle,Tucuman,3,-58.40944147,-34.60097942,Peaton,Auto,Altura
2021-0080,1,2021-10-28,16,Avenida,Arenales,1,-58.38277479,-34.59430160,Moto,Auto,Cruce
2021-0081,1,2021-11-02,13,Autopista,Autopista 1 Sur Presidente Arturo Frondizi,4,-58.37627355,-34.63800916,Moto,Cargas,Sd
2021-0082,1,2021-11-06,4,Autopista,Autopista 25 de Mayo,3,-58.39591856,-34.62453459,Moto,Auto,Sd
2021-0083,1,2021-11-09,0,Avenida,Cabildo Av.,13,-58.45829717,-34.56015762,Moto,Auto,Cruce
2021-0084,1,2021-11-11,3,Avenida,Tapalque,9,-58.49142611,-34.64584795,Auto,Objeto Fijo,Cruce
2021-0085,1,2021-11-20,18,Gral Paz,"Paz, Gral. Av.",12,-58.51271409,-34.57786555,Moto,Objeto Fijo,Cruce
2021-0086,1,2021-11-25,10,Avenida,Rivadavia Av.,6,-58.44864864,-34.62352826,Peaton,Pasajeros,Cruce
2021-0087,1,2021-11-27,11,Calle,Esmeralda,1,-58.37795815,-34.59167894,Peaton,Bicicleta,Altura
2021-0088,1,2021-12-01,15,Calle,Monroe,13,-58.45531707,-34.55555257,Moto,Auto,Cruce
2021-0089,1,2021-12-02,1,Avenida,Gaona Av.,11,-58.47633683,-34.62140594,Moto,Auto,Altura
2021-0090,1,2021-12-10,11,Avenida,9 de Julio Av.,1,-58.38188582,-34.60256036,Peaton,Pasajeros,Cruce
2021-0091,1,2021-12-11,23,Calle,Baigorria,10,-58.51989389,-34.62284918,Moto,Auto,Cruce
2021-0092,1,2021-12-12,6,Avenida,Rivadavia Av.,3,-58.40596860,-34.61011987,Peaton,Auto,Cruce
2021-0093,1,2021-12-13,17,Avenida,Riestra Av.,7,-58.43353773,-34.64561636,Moto,Auto,Cruce
2021-0094,1,2021-12-20,1,Autopista,"Dellepiane, Luis, Tte. Gral.",9,-58.46739825,-34.65117757,Moto,Auto,Cruce
2021-0095,1,2021-12-30,0,Avenida,Gaona Av.,11,-58.47293407,-34.61984745,Moto,Cargas,Cruce
2021-0096,1,2021-12-15,10,Avenida,"Peron, Eva Av.",9,-58.47066794,-34.65021673,Auto,Cargas,Altura
2021-0097,1,2021-11-18,6,Calle,Padre Carlos Mujica,1,-58.37976155,-34.58679619,Bicicleta,Auto,Altura
